Variant SKU,Inventory Item ID
PGR1000,gid://shopify/InventoryItem/53804747620678
PGR1002,gid://shopify/InventoryItem/53804747751750
PGR1003,gid://shopify/InventoryItem/53804747817286
PGR1006,gid://shopify/InventoryItem/53804747981126
PGR1007,gid://shopify/InventoryItem/53804748046662
PGR1010,gid://shopify/InventoryItem/53804748177734
PGR1012,gid://shopify/InventoryItem/53804748276038
PGR1013,gid://shopify/InventoryItem/53804748341574
PGR1020,gid://shopify/InventoryItem/53804748669254
PGR1022,gid://shopify/InventoryItem/53804748800326
PGR1024,gid://shopify/InventoryItem/53804748898630
PGR1025,gid://shopify/InventoryItem/53804748931398
PGR1026,gid://shopify/InventoryItem/53804748996934
PGR1034,gid://shopify/InventoryItem/53804749488454
PGR1035,gid://shopify/InventoryItem/53804749521222
PGR1041,gid://shopify/InventoryItem/53804749848902
PGR1043,gid://shopify/InventoryItem/53804749947206
PGRW1001,gid://shopify/InventoryItem/53814516973894
PGRW1002,gid://shopify/InventoryItem/53814517104966
PGRW1003,gid://shopify/InventoryItem/53814517268806
PGRW1004,gid://shopify/InventoryItem/53814517530950
PGRW1005,gid://shopify/InventoryItem/53814517694790
PGRW1006,gid://shopify/InventoryItem/53814517858630
PGRW1007,gid://shopify/InventoryItem/53814518022470
PGRW1008,gid://shopify/InventoryItem/53814518120774
PGRAKW1001,gid://shopify/InventoryItem/53815303962950
PGRAKW1002,gid://shopify/InventoryItem/53815303995718
PGRAKW1003,gid://shopify/InventoryItem/53815304094022
PGR1036,gid://shopify/InventoryItem/53815349772614
PGR1001,gid://shopify/InventoryItem/53818886455622
PGR1004,gid://shopify/InventoryItem/53818886553926
PGR1005,gid://shopify/InventoryItem/53818886619462
PGR1008,gid://shopify/InventoryItem/53818886652230
PGR1009,gid://shopify/InventoryItem/53818886684998
PGR1011,gid://shopify/InventoryItem/53818886783302
PGR1014,gid://shopify/InventoryItem/53818886881606
PGR1015,gid://shopify/InventoryItem/53818887078214
PGR1017,gid://shopify/InventoryItem/53818887110982
PGR1018,gid://shopify/InventoryItem/53818887176518
PGR1019,gid://shopify/InventoryItem/53818887242054
PGR1021,gid://shopify/InventoryItem/53818887307590
PGR1023,gid://shopify/InventoryItem/53818887340358
PGR1027,gid://shopify/InventoryItem/53818887405894
PGR1028,gid://shopify/InventoryItem/53818887438662
PGR1029,gid://shopify/InventoryItem/53818887504198
PGR1030,gid://shopify/InventoryItem/53818887536966
PGR1031,gid://shopify/InventoryItem/53818887602502
PGR1032,gid://shopify/InventoryItem/53818887635270
PGR1033,gid://shopify/InventoryItem/53818887668038
PGR1037,gid://shopify/InventoryItem/53818887733574
PGR1038,gid://shopify/InventoryItem/53818887766342
PGR1039,gid://shopify/InventoryItem/53818887831878
PGR1040,gid://shopify/InventoryItem/53818887897414
PGR1042,gid://shopify/InventoryItem/53818887930182
PGR2001,gid://shopify/InventoryItem/53843343737158
PGR2002,gid://shopify/InventoryItem/53843343835462
PGR2003,gid://shopify/InventoryItem/53843343933766
PGR2004,gid://shopify/InventoryItem/53843343999302
PGR2005,gid://shopify/InventoryItem/53843344064838
PGR2006,gid://shopify/InventoryItem/53843344163142
PGR2007,gid://shopify/InventoryItem/53843344228678
PGR2008,gid://shopify/InventoryItem/53843344326982
PGR2009,gid://shopify/InventoryItem/53843344359750
PGR2010,gid://shopify/InventoryItem/53843344392518
PGR2011,gid://shopify/InventoryItem/53843344425286
PGR2012,gid://shopify/InventoryItem/53843344458054
PGR2013,gid://shopify/InventoryItem/53843344490822
PGR2014,gid://shopify/InventoryItem/53843344523590
PGR2015,gid://shopify/InventoryItem/53843344556358
PGR2016,gid://shopify/InventoryItem/53843344621894
PGR2017,gid://shopify/InventoryItem/53843344654662
PGR2018,gid://shopify/InventoryItem/53843344687430
PGR2019,gid://shopify/InventoryItem/53843344720198
PGR2020,gid://shopify/InventoryItem/53843344752966
PGR2021,gid://shopify/InventoryItem/53843344818502
PGR2022,gid://shopify/InventoryItem/53843344884038
PGR2023,gid://shopify/InventoryItem/53843344949574
PGR2024,gid://shopify/InventoryItem/53843345015110
PGR2025,gid://shopify/InventoryItem/53843345080646
PGR2026,gid://shopify/InventoryItem/53843345146182
PGR2027,gid://shopify/InventoryItem/53843345244486
PGR2028,gid://shopify/InventoryItem/53843345342790
PGR2029,gid://shopify/InventoryItem/53843345375558
PGR2030,gid://shopify/InventoryItem/53843345408326
PGR2031,gid://shopify/InventoryItem/53843345441094
PGR2032,gid://shopify/InventoryItem/53843345506630
PGR2033,gid://shopify/InventoryItem/53843345539398
PGR2034,gid://shopify/InventoryItem/53843345572166
PGR2035,gid://shopify/InventoryItem/53843345604934
PGR2036,gid://shopify/InventoryItem/53843345637702
PGR2037,gid://shopify/InventoryItem/53843345670470
PGR2038,gid://shopify/InventoryItem/53843345736006
PGR2039,gid://shopify/InventoryItem/53843345834310
PGR2040,gid://shopify/InventoryItem/53843345899846
PGR2041,gid://shopify/InventoryItem/53843346063686
PGR2042,gid://shopify/InventoryItem/53843346194758
PGR2043,gid://shopify/InventoryItem/53843346358598
PGR2044,gid://shopify/InventoryItem/53843346522438
PGR2045,gid://shopify/InventoryItem/53843346555206
PGR2046,gid://shopify/InventoryItem/53843346620742
PGR2047,gid://shopify/InventoryItem/53843346653510
PGR2048,gid://shopify/InventoryItem/53843346686278
PGR2049,gid://shopify/InventoryItem/53843346719046
PGR2050,gid://shopify/InventoryItem/53843346751814
PGR2051,gid://shopify/InventoryItem/53843346784582
PGR2052,gid://shopify/InventoryItem/53843346817350
PGR2053,gid://shopify/InventoryItem/53843346850118
PGR2054,gid://shopify/InventoryItem/53843346882886
PGR2055,gid://shopify/InventoryItem/53843346915654
PGR2056,gid://shopify/InventoryItem/53843346981190
PGR2057,gid://shopify/InventoryItem/53843347046726
PGRAKW1005,gid://shopify/InventoryItem/54168398004550
PGRAKW1004,gid://shopify/InventoryItem/54168398758214
CPS4801,gid://shopify/InventoryItem/54336056394054
CPS1720,gid://shopify/InventoryItem/54336056557894
CPS4666,gid://shopify/InventoryItem/54336057344326
RPS41,gid://shopify/InventoryItem/54336057475398
CPS4811,gid://shopify/InventoryItem/54336057606470
CPS5744,gid://shopify/InventoryItem/54336057704774
CPS5753,gid://shopify/InventoryItem/54336057868614
RPS371,gid://shopify/InventoryItem/54336058163526
CPS3548,gid://shopify/InventoryItem/54336058294598
RPS42,gid://shopify/InventoryItem/54336058425670
A1447484,gid://shopify/InventoryItem/54336059539782
A1420361,gid://shopify/InventoryItem/54336059769158
A1432127,gid://shopify/InventoryItem/54336060031302
A1432479,gid://shopify/InventoryItem/54336060326214
A1479093,gid://shopify/InventoryItem/54336060490054
A1479094,gid://shopify/InventoryItem/54336060522822
A1432477,gid://shopify/InventoryItem/54336060621126
A1483974,gid://shopify/InventoryItem/54336060719430
A1446997,gid://shopify/InventoryItem/54336060850502
A1446514,gid://shopify/InventoryItem/54336060948806
A1420364,gid://shopify/InventoryItem/54336061112646
A1521954,gid://shopify/InventoryItem/54336061210950
A1521955,gid://shopify/InventoryItem/54336061276486
A1446249,gid://shopify/InventoryItem/54336061374790
A1446522,gid://shopify/InventoryItem/54336061571398
A1446376,gid://shopify/InventoryItem/54336061669702
A1543447,gid://shopify/InventoryItem/54336061931846
A1543448,gid://shopify/InventoryItem/54336062062918
A1543449,gid://shopify/InventoryItem/54336062128454
A1544573,gid://shopify/InventoryItem/54336062259526
A1444446,gid://shopify/InventoryItem/54336062390598
A1554695,gid://shopify/InventoryItem/54336062521670
A1554696,gid://shopify/InventoryItem/54336062619974
A1554697,gid://shopify/InventoryItem/54336062718278
A1559293,gid://shopify/InventoryItem/54336062947654
A1479035,gid://shopify/InventoryItem/54336063045958
CPS880,gid://shopify/InventoryItem/54336090407238
RPS179,gid://shopify/InventoryItem/54336090440006
CPS2379,gid://shopify/InventoryItem/54336090538310
CPS1927,gid://shopify/InventoryItem/54336090734918
CPS2377,gid://shopify/InventoryItem/54336090800454
CPS4956,gid://shopify/InventoryItem/54336090833222
CPS2248,gid://shopify/InventoryItem/54336090898758
CPS2740,gid://shopify/InventoryItem/54336092307782
CPS8232,gid://shopify/InventoryItem/54336092373318
CPS7983,gid://shopify/InventoryItem/54336092438854
CPS492,gid://shopify/InventoryItem/54336092504390
CPS1054,gid://shopify/InventoryItem/54336092537158
CPS505,gid://shopify/InventoryItem/54336092635462
CPS483,gid://shopify/InventoryItem/54336092995910
CPS2323,gid://shopify/InventoryItem/54336093028678
CPS857,gid://shopify/InventoryItem/54336093061446
CPS2677,gid://shopify/InventoryItem/54336093159750
CPS1772,gid://shopify/InventoryItem/54336093225286
CPS7880,gid://shopify/InventoryItem/54336093258054
CPS7750,gid://shopify/InventoryItem/54336093323590
RPS244,gid://shopify/InventoryItem/54336093356358
CPS7917,gid://shopify/InventoryItem/54336093552966
CPS8329,gid://shopify/InventoryItem/54336093585734
CPS1898,gid://shopify/InventoryItem/54336093684038
CPS7975,gid://shopify/InventoryItem/54336093749574
CPS6393,gid://shopify/InventoryItem/54336093782342
CPS8058,gid://shopify/InventoryItem/54336093815110
RPS241,gid://shopify/InventoryItem/54336093880646
CPS2766,gid://shopify/InventoryItem/54336093946182
CPS1774,gid://shopify/InventoryItem/54336094110022
CPS4671,gid://shopify/InventoryItem/54336094175558
CPS1970,gid://shopify/InventoryItem/54336094306630
CPS737,gid://shopify/InventoryItem/54336094339398
CPS7978,gid://shopify/InventoryItem/54336094634310
CPS2378,gid://shopify/InventoryItem/54336094699846
CPS2684,gid://shopify/InventoryItem/54336094765382
CPS1972,gid://shopify/InventoryItem/54336094830918
CPS1719,gid://shopify/InventoryItem/54336095158598
RPS46,gid://shopify/InventoryItem/54336095191366
CPS2686,gid://shopify/InventoryItem/54336095289670
CPS4911,gid://shopify/InventoryItem/54336095355206
CPS2274,gid://shopify/InventoryItem/54336095420742
CPS1694,gid://shopify/InventoryItem/54336095486278
CPS5650,gid://shopify/InventoryItem/54336095519046
CPS2679,gid://shopify/InventoryItem/54336095584582
RPS111,gid://shopify/InventoryItem/54336095846726
CPS4889,gid://shopify/InventoryItem/54336095879494
RPS345,gid://shopify/InventoryItem/54336096239942
CPS6390,gid://shopify/InventoryItem/54336096305478
CPS2289,gid://shopify/InventoryItem/54336096371014
CPS7977,gid://shopify/InventoryItem/54336096567622
RPS294,gid://shopify/InventoryItem/54336096600390
CPS2739,gid://shopify/InventoryItem/54336096633158
CPS2246,gid://shopify/InventoryItem/54336096731462
CPS2369,gid://shopify/InventoryItem/54336096960838
CPS2264,gid://shopify/InventoryItem/54336096993606
CPS2231,gid://shopify/InventoryItem/54336097059142
CPS2688,gid://shopify/InventoryItem/54336097190214
CPS6515,gid://shopify/InventoryItem/54336097255750
CPS4914,gid://shopify/InventoryItem/54336097288518
CPS4910,gid://shopify/InventoryItem/54336097354054
CPS1891,gid://shopify/InventoryItem/54336097452358
CPS2219,gid://shopify/InventoryItem/54336097485126
CPS2345,gid://shopify/InventoryItem/54336097517894
CPS7891,gid://shopify/InventoryItem/54336097583430
CPS7637,gid://shopify/InventoryItem/54336097681734
CPS2350,gid://shopify/InventoryItem/54336097714502
CPS4904,gid://shopify/InventoryItem/54336097747270
CPS664,gid://shopify/InventoryItem/54336097911110
CPS559,gid://shopify/InventoryItem/54336098238790
RPS206,gid://shopify/InventoryItem/54336098271558
RPS99,gid://shopify/InventoryItem/54336098304326
CPS7981,gid://shopify/InventoryItem/54336098500934
CPS7890,gid://shopify/InventoryItem/54336098533702
RPS164,gid://shopify/InventoryItem/54336099123526
CPS7754,gid://shopify/InventoryItem/54336099156294
CPS2283,gid://shopify/InventoryItem/54336099221830
CPS1969,gid://shopify/InventoryItem/54336099352902
CPS524,gid://shopify/InventoryItem/54336099385670
CPS509,gid://shopify/InventoryItem/54336099451206
CPS6649,gid://shopify/InventoryItem/54336099647814
CPS6031,gid://shopify/InventoryItem/54336099746118
CPS4078,gid://shopify/InventoryItem/54336099778886
CPS6609,gid://shopify/InventoryItem/54336099811654
CPS2359,gid://shopify/InventoryItem/54336100401478
CPS2355,gid://shopify/InventoryItem/54336100434246
CPS4713,gid://shopify/InventoryItem/54336100467014
RPS40,gid://shopify/InventoryItem/54336100565318
RPS48,gid://shopify/InventoryItem/54336101056838
RPS43,gid://shopify/InventoryItem/54336101122374
CPS7883,gid://shopify/InventoryItem/54336101187910
RPS45,gid://shopify/InventoryItem/54336101220678
RPS243,gid://shopify/InventoryItem/54336101253446
RPS246,gid://shopify/InventoryItem/54336101286214
CPS474,gid://shopify/InventoryItem/54336101318982
CPS485,gid://shopify/InventoryItem/54336101351750
CPS507,gid://shopify/InventoryItem/54336101450054
CPS526,gid://shopify/InventoryItem/54336101548358
CPS890,gid://shopify/InventoryItem/54336101581126
CPS1053,gid://shopify/InventoryItem/54336101613894
CPS1724,gid://shopify/InventoryItem/54336101646662
CPS2139,gid://shopify/InventoryItem/54336101679430
CPS2141,gid://shopify/InventoryItem/54336101712198
CPS2225,gid://shopify/InventoryItem/54336101744966
CPS5377,gid://shopify/InventoryItem/54336101843270
CPS2223,gid://shopify/InventoryItem/54336101974342
CPS1942,gid://shopify/InventoryItem/54336102007110
CPS756,gid://shopify/InventoryItem/54336102039878
CPS508,gid://shopify/InventoryItem/54336102072646
CPS504,gid://shopify/InventoryItem/54336102105414
CPS496,gid://shopify/InventoryItem/54336102138182
CPS490,gid://shopify/InventoryItem/54336102170950
CPS477,gid://shopify/InventoryItem/54336102236486
CPS6401,gid://shopify/InventoryItem/54336102334790
RPS49,gid://shopify/InventoryItem/54336102400326
CPS481,gid://shopify/InventoryItem/54336102433094
RPS100,gid://shopify/InventoryItem/54336102465862
CPS1893,gid://shopify/InventoryItem/54336102498630
CPS487,gid://shopify/InventoryItem/54336102531398
CPS499,gid://shopify/InventoryItem/54336102564166
CPS5375,gid://shopify/InventoryItem/54336102629702
CPS7929,gid://shopify/InventoryItem/54336102662470
CPS5739,gid://shopify/InventoryItem/54336102793542
CPS6471,gid://shopify/InventoryItem/54336102826310
CPS6479,gid://shopify/InventoryItem/54336102859078
CPS2356,gid://shopify/InventoryItem/54336102891846
CPS2681,gid://shopify/InventoryItem/54336102924614
CPS4920,gid://shopify/InventoryItem/54336102957382
CPS8059,gid://shopify/InventoryItem/54336103022918
CPS2707,gid://shopify/InventoryItem/54336103055686
CPS6382,gid://shopify/InventoryItem/54336103121222
CPS1043,gid://shopify/InventoryItem/54336103219526
CPS6024,gid://shopify/InventoryItem/54336103252294
CPS7912,gid://shopify/InventoryItem/54336103285062
CPS8151,gid://shopify/InventoryItem/54336104923462
CPS551,gid://shopify/InventoryItem/54336104956230
CPS2371,gid://shopify/InventoryItem/54336105054534
CPS7772,gid://shopify/InventoryItem/54336105120070
RPS38,gid://shopify/InventoryItem/54336105185606
CPS1928,gid://shopify/InventoryItem/54336105218374
CPS2363,gid://shopify/InventoryItem/54336105251142
RPS80,gid://shopify/InventoryItem/54336105283910
CPS6898,gid://shopify/InventoryItem/54336105414982
CPS2678,gid://shopify/InventoryItem/54336105513286
CPS6416,gid://shopify/InventoryItem/54336105546054
CPS482,gid://shopify/InventoryItem/54336105611590
CPS7885,gid://shopify/InventoryItem/54336105644358
CPS7771,gid://shopify/InventoryItem/54336105709894
CPS1709,gid://shopify/InventoryItem/54336105742662
CPS2357,gid://shopify/InventoryItem/54336105775430
CPS2680,gid://shopify/InventoryItem/54336105873734
RPS361,gid://shopify/InventoryItem/54336105906502
CPS4763,gid://shopify/InventoryItem/54336105972038
CPS4918,gid://shopify/InventoryItem/54336106004806
CPS2714,gid://shopify/InventoryItem/54336106070342
CPS6438,gid://shopify/InventoryItem/54336106103110
CPS2306,gid://shopify/InventoryItem/54336106135878
CPS2387,gid://shopify/InventoryItem/54336106168646
CPS1975,gid://shopify/InventoryItem/54336106201414
CPS5651,gid://shopify/InventoryItem/54336106299718
RPS247,gid://shopify/InventoryItem/54336106365254
CPS2237,gid://shopify/InventoryItem/54336106398022
CPS2234,gid://shopify/InventoryItem/54336106463558
CPS7051,gid://shopify/InventoryItem/54336106496326
CPS494,gid://shopify/InventoryItem/54336106529094
RPS296,gid://shopify/InventoryItem/54336106725702
RPS295,gid://shopify/InventoryItem/54336106758470
CPS4681,gid://shopify/InventoryItem/54336106824006
CPS8060,gid://shopify/InventoryItem/54336106922310
CPS2287,gid://shopify/InventoryItem/54336106955078
CPS6489,gid://shopify/InventoryItem/54336107151686
CPS2270,gid://shopify/InventoryItem/54336107217222
CPS8073,gid://shopify/InventoryItem/54336107381062
CPS2682,gid://shopify/InventoryItem/54336107413830
CPS1966,gid://shopify/InventoryItem/54336107446598
CPS2346,gid://shopify/InventoryItem/54336107544902
CPS2218,gid://shopify/InventoryItem/54336107610438
CPS2706,gid://shopify/InventoryItem/54336107807046
CPS6036,gid://shopify/InventoryItem/54336107872582
CPS1964,gid://shopify/InventoryItem/54336107905350
CPS8011,gid://shopify/InventoryItem/54336107938118
CPS453,gid://shopify/InventoryItem/54336108200262
CPS493,gid://shopify/InventoryItem/54336108396870
CPS510,gid://shopify/InventoryItem/54336108626246
CPS8193,gid://shopify/InventoryItem/54336108691782
CPS2348,gid://shopify/InventoryItem/54336108724550
CPS2704,gid://shopify/InventoryItem/54336108757318
CPS1733,gid://shopify/InventoryItem/54336108855622
CPS7128,gid://shopify/InventoryItem/54336108921158
CPS2295,gid://shopify/InventoryItem/54336108986694
CPS7104,gid://shopify/InventoryItem/54336109150534
RPS141,gid://shopify/InventoryItem/54336109216070
RPS79,gid://shopify/InventoryItem/54336109248838
CPS1925,gid://shopify/InventoryItem/54336109478214
CPS2221,gid://shopify/InventoryItem/54336109510982
CPS503,gid://shopify/InventoryItem/54336109576518
CPS2689,gid://shopify/InventoryItem/54336109674822
CPS2232,gid://shopify/InventoryItem/54336109707590
CPS530,gid://shopify/InventoryItem/54336109740358
CPS2322,gid://shopify/InventoryItem/54336109904198
CPS7995,gid://shopify/InventoryItem/54336109969734
CPS687,gid://shopify/InventoryItem/54336110100806
CPS6650,gid://shopify/InventoryItem/54336110166342
CPS4915,gid://shopify/InventoryItem/54336110231878
CPS1892,gid://shopify/InventoryItem/54336110264646
RPS162,gid://shopify/InventoryItem/54336110297414
RPS44,gid://shopify/InventoryItem/54336110330182
CPS2176,gid://shopify/InventoryItem/54336110952774
CPS1058,gid://shopify/InventoryItem/54336111051078
RPS96,gid://shopify/InventoryItem/54336111116614
A1422964,gid://shopify/InventoryItem/54336111149382
A1423462,gid://shopify/InventoryItem/54336111182150
A1431810,gid://shopify/InventoryItem/54336111214918
A1431812,gid://shopify/InventoryItem/54336111280454
A1443932,gid://shopify/InventoryItem/54336111313222
A1418596,gid://shopify/InventoryItem/54336111935814
A1394095,gid://shopify/InventoryItem/54336112034118
A1430955,gid://shopify/InventoryItem/54336112066886
A1430954,gid://shopify/InventoryItem/54336112099654
A1430953,gid://shopify/InventoryItem/54336112132422
A1426608,gid://shopify/InventoryItem/54336112165190
A1418991,gid://shopify/InventoryItem/54336112197958
RPS385,gid://shopify/InventoryItem/54336112263494
RPS387,gid://shopify/InventoryItem/54336112361798
A1432289,gid://shopify/InventoryItem/54336112460102
A1432337,gid://shopify/InventoryItem/54336112591174
A1418430,gid://shopify/InventoryItem/54336112689478
A1431991,gid://shopify/InventoryItem/54336112722246
A1427281,gid://shopify/InventoryItem/54336112787782
A1437098,gid://shopify/InventoryItem/54336112820550
A1437099,gid://shopify/InventoryItem/54336112918854
A1437537,gid://shopify/InventoryItem/54336113377606
A1437542,gid://shopify/InventoryItem/54336113443142
A1437242,gid://shopify/InventoryItem/54336113475910
A1437011,gid://shopify/InventoryItem/54336113508678
A1422478,gid://shopify/InventoryItem/54336113541446
A1420619,gid://shopify/InventoryItem/54336113606982
A1417944,gid://shopify/InventoryItem/54336113672518
RPS447,gid://shopify/InventoryItem/54336114295110
A1437602,gid://shopify/InventoryItem/54336114426182
A1442797,gid://shopify/InventoryItem/54336114557254
A1442798,gid://shopify/InventoryItem/54336114590022
A1419158,gid://shopify/InventoryItem/54336114622790
RPS525,gid://shopify/InventoryItem/54336114688326
A1440344,gid://shopify/InventoryItem/54336114721094
A1419157,gid://shopify/InventoryItem/54336114819398
RPS548,gid://shopify/InventoryItem/54336114884934
RPS551,gid://shopify/InventoryItem/54336114950470
RPS554,gid://shopify/InventoryItem/54336114983238
RPS555,gid://shopify/InventoryItem/54336115016006
RPS556,gid://shopify/InventoryItem/54336115048774
RPS557,gid://shopify/InventoryItem/54336115081542
A1442569,gid://shopify/InventoryItem/54336115114310
A1442568,gid://shopify/InventoryItem/54336115245382
A1440129,gid://shopify/InventoryItem/54336115278150
A1442567,gid://shopify/InventoryItem/54336115343686
A1432042,gid://shopify/InventoryItem/54336115376454
RPS583,gid://shopify/InventoryItem/54336115507526
RPS595,gid://shopify/InventoryItem/54336115540294
RPS609,gid://shopify/InventoryItem/54336115573062
RPS601,gid://shopify/InventoryItem/54336115638598
A1432208,gid://shopify/InventoryItem/54336115736902
A1432192,gid://shopify/InventoryItem/54336115802438
A1432045,gid://shopify/InventoryItem/54336115835206
RPS627,gid://shopify/InventoryItem/54336115933510
A1423759,gid://shopify/InventoryItem/54336115966278
A1432076,gid://shopify/InventoryItem/54336115999046
A1422144,gid://shopify/InventoryItem/54336116031814
A1445707,gid://shopify/InventoryItem/54336116064582
RPS637,gid://shopify/InventoryItem/54336116195654
RPS639,gid://shopify/InventoryItem/54336116228422
RPS703,gid://shopify/InventoryItem/54336116293958
A1410231,gid://shopify/InventoryItem/54336116326726
A1421775,gid://shopify/InventoryItem/54336116359494
A1441984,gid://shopify/InventoryItem/54336116392262
A1445708,gid://shopify/InventoryItem/54336116425030
A1447039,gid://shopify/InventoryItem/54336116490566
A1447056,gid://shopify/InventoryItem/54336116556102
A1436991,gid://shopify/InventoryItem/54336116621638
A1437332,gid://shopify/InventoryItem/54336116687174
A1436980,gid://shopify/InventoryItem/54336116719942
A1432021,gid://shopify/InventoryItem/54336116752710
A1454430,gid://shopify/InventoryItem/54336116785478
A1454431,gid://shopify/InventoryItem/54336116818246
A1454432,gid://shopify/InventoryItem/54336116916550
A1454433,gid://shopify/InventoryItem/54336117145926
A1454435,gid://shopify/InventoryItem/54336117211462
A1454436,gid://shopify/InventoryItem/54336117244230
A1454816,gid://shopify/InventoryItem/54336117276998
A1454825,gid://shopify/InventoryItem/54336117342534
A1454830,gid://shopify/InventoryItem/54336117375302
A1454851,gid://shopify/InventoryItem/54336117408070
A1454913,gid://shopify/InventoryItem/54336117440838
A1454991,gid://shopify/InventoryItem/54336117571910
A1446635,gid://shopify/InventoryItem/54336117604678
A1427204,gid://shopify/InventoryItem/54336117637446
A1427249,gid://shopify/InventoryItem/54336117670214
A1421623,gid://shopify/InventoryItem/54336117735750
A1444030,gid://shopify/InventoryItem/54336117768518
A1442605,gid://shopify/InventoryItem/54336117899590
A1427287,gid://shopify/InventoryItem/54336117932358
A1454159,gid://shopify/InventoryItem/54336118161734
A1427248,gid://shopify/InventoryItem/54336118227270
A1436948,gid://shopify/InventoryItem/54336118260038
A1432044,gid://shopify/InventoryItem/54336118292806
A1437295,gid://shopify/InventoryItem/54336118358342
A1446634,gid://shopify/InventoryItem/54336118391110
A1421624,gid://shopify/InventoryItem/54336118456646
A1455240,gid://shopify/InventoryItem/54336118554950
A1455255,gid://shopify/InventoryItem/54336118718790
A1455249,gid://shopify/InventoryItem/54336118784326
A1455245,gid://shopify/InventoryItem/54336118817094
A1455258,gid://shopify/InventoryItem/54336118849862
A1455250,gid://shopify/InventoryItem/54336118882630
A1455299,gid://shopify/InventoryItem/54336118980934
A1455284,gid://shopify/InventoryItem/54336119046470
A1455282,gid://shopify/InventoryItem/54336119079238
A1454153,gid://shopify/InventoryItem/54336119112006
A1447265,gid://shopify/InventoryItem/54336119177542
A1446636,gid://shopify/InventoryItem/54336119210310
A1454080,gid://shopify/InventoryItem/54336119243078
A1454175,gid://shopify/InventoryItem/54336119406918
A1445519,gid://shopify/InventoryItem/54336119505222
A1456593,gid://shopify/InventoryItem/54336119570758
A1456603,gid://shopify/InventoryItem/54336119603526
A1456605,gid://shopify/InventoryItem/54336119636294
A1455231,gid://shopify/InventoryItem/54336119701830
A1458258,gid://shopify/InventoryItem/54336119734598
A1454157,gid://shopify/InventoryItem/54336119767366
A1453132,gid://shopify/InventoryItem/54336119832902
A1453092,gid://shopify/InventoryItem/54336120095046
A1446103,gid://shopify/InventoryItem/54336120160582
A1454027,gid://shopify/InventoryItem/54336120193350
A1460094,gid://shopify/InventoryItem/54336120226118
A1446643,gid://shopify/InventoryItem/54336120291654
A1460506,gid://shopify/InventoryItem/54336120324422
A1460507,gid://shopify/InventoryItem/54336120422726
A1460508,gid://shopify/InventoryItem/54336120717638
A1460509,gid://shopify/InventoryItem/54336120783174
A1462352,gid://shopify/InventoryItem/54336120815942
A1462361,gid://shopify/InventoryItem/54336120848710
A1410520,gid://shopify/InventoryItem/54336120979782
A1444373,gid://shopify/InventoryItem/54336121045318
A1431173,gid://shopify/InventoryItem/54336121307462
A1455300,gid://shopify/InventoryItem/54336121405766
A1463366,gid://shopify/InventoryItem/54336121438534
A1463367,gid://shopify/InventoryItem/54336121569606
A1463368,gid://shopify/InventoryItem/54336121602374
A1446746,gid://shopify/InventoryItem/54336121667910
A1455636,gid://shopify/InventoryItem/54336121700678
A1446899,gid://shopify/InventoryItem/54336121798982
A1457334,gid://shopify/InventoryItem/54336121831750
A1457333,gid://shopify/InventoryItem/54336121864518
A1457327,gid://shopify/InventoryItem/54336121930054
A1457326,gid://shopify/InventoryItem/54336121962822
A1457322,gid://shopify/InventoryItem/54336121995590
A1457232,gid://shopify/InventoryItem/54336122093894
A1456991,gid://shopify/InventoryItem/54336122159430
A1456879,gid://shopify/InventoryItem/54336122224966
A1456003,gid://shopify/InventoryItem/54336122290502
A1455693,gid://shopify/InventoryItem/54336122323270
A1420055,gid://shopify/InventoryItem/54336122913094
A1420054,gid://shopify/InventoryItem/54336122945862
A1420038,gid://shopify/InventoryItem/54336123011398
A1420037,gid://shopify/InventoryItem/54336123076934
A1456063,gid://shopify/InventoryItem/54336123437382
A1456055,gid://shopify/InventoryItem/54336123470150
A1408670,gid://shopify/InventoryItem/54336123535686
A1459618,gid://shopify/InventoryItem/54336123568454
A1452777,gid://shopify/InventoryItem/54336123601222
A1420603,gid://shopify/InventoryItem/54336123666758
A1455301,gid://shopify/InventoryItem/54336123732294
A1456002,gid://shopify/InventoryItem/54336123797830
A1456987,gid://shopify/InventoryItem/54336123863366
A1446042,gid://shopify/InventoryItem/54336123896134
A1459619,gid://shopify/InventoryItem/54336123928902
A1420366,gid://shopify/InventoryItem/54336123994438
A1468461,gid://shopify/InventoryItem/54336124125510
A1468462,gid://shopify/InventoryItem/54336124191046
A1468463,gid://shopify/InventoryItem/54336124256582
A1420264,gid://shopify/InventoryItem/54336124485958
A1446109,gid://shopify/InventoryItem/54336124617030
A1447057,gid://shopify/InventoryItem/54336124649798
A1469090,gid://shopify/InventoryItem/54336124715334
A1456885,gid://shopify/InventoryItem/54336124748102
A1455321,gid://shopify/InventoryItem/54336124977478
A1453299,gid://shopify/InventoryItem/54336125010246
A1453298,gid://shopify/InventoryItem/54336125075782
A1447040,gid://shopify/InventoryItem/54336125206854
A1459167,gid://shopify/InventoryItem/54336125239622
A1456994,gid://shopify/InventoryItem/54336125337926
A1420311,gid://shopify/InventoryItem/54336125403462
A1457024,gid://shopify/InventoryItem/54336125436230
A1455823,gid://shopify/InventoryItem/54336125501766
A1462617,gid://shopify/InventoryItem/54336125534534
A1473008,gid://shopify/InventoryItem/54336125600070
A1473010,gid://shopify/InventoryItem/54336125731142
A1473468,gid://shopify/InventoryItem/54336125763910
A1473469,gid://shopify/InventoryItem/54336125829446
A1445190,gid://shopify/InventoryItem/54336125862214
A1456990,gid://shopify/InventoryItem/54336125927750
A1473782,gid://shopify/InventoryItem/54336125960518
A1473783,gid://shopify/InventoryItem/54336126026054
A1473784,gid://shopify/InventoryItem/54336126091590
A1459267,gid://shopify/InventoryItem/54336126157126
A1462960,gid://shopify/InventoryItem/54336126222662
A1455848,gid://shopify/InventoryItem/54336126320966
A1456878,gid://shopify/InventoryItem/54336126878022
A1456989,gid://shopify/InventoryItem/54336126943558
A1475811,gid://shopify/InventoryItem/54336126976326
A1475814,gid://shopify/InventoryItem/54336127074630
A1475816,gid://shopify/InventoryItem/54336127107398
A1476153,gid://shopify/InventoryItem/54336127140166
A1476172,gid://shopify/InventoryItem/54336127172934
A1476173,gid://shopify/InventoryItem/54336127271238
A1476407,gid://shopify/InventoryItem/54336127435078
A1476408,gid://shopify/InventoryItem/54336127500614
A1476409,gid://shopify/InventoryItem/54336127533382
A1476410,gid://shopify/InventoryItem/54336127566150
A1476507,gid://shopify/InventoryItem/54336127631686
A1476504,gid://shopify/InventoryItem/54336127664454
A1456065,gid://shopify/InventoryItem/54336127697222
A1476506,gid://shopify/InventoryItem/54336127795526
A1534328,gid://shopify/InventoryItem/54336127828294
A1456434,gid://shopify/InventoryItem/54336127861062
A1454996,gid://shopify/InventoryItem/54336127926598
A1454997,gid://shopify/InventoryItem/54336127959366
A1446959,gid://shopify/InventoryItem/54336128024902
A1454800,gid://shopify/InventoryItem/54336128057670
A1458331,gid://shopify/InventoryItem/54336128090438
A1447681,gid://shopify/InventoryItem/54336128155974
A1459352,gid://shopify/InventoryItem/54336128221510
A1455708,gid://shopify/InventoryItem/54336128287046
A1454271,gid://shopify/InventoryItem/54336128319814
A1446991,gid://shopify/InventoryItem/54336128385350
A1446631,gid://shopify/InventoryItem/54336128418118
A1479090,gid://shopify/InventoryItem/54336128549190
A1479092,gid://shopify/InventoryItem/54336128581958
A1454130,gid://shopify/InventoryItem/54336128647494
A1453300,gid://shopify/InventoryItem/54336128745798
A1482493,gid://shopify/InventoryItem/54336128909638
A1482430,gid://shopify/InventoryItem/54336129597766
A1446958,gid://shopify/InventoryItem/54336129794374
A1432548,gid://shopify/InventoryItem/54336130089286
A1455690,gid://shopify/InventoryItem/54336131137862
CPS4687,gid://shopify/InventoryItem/54336132153670
CPS497,gid://shopify/InventoryItem/54336132219206
A1446105,gid://shopify/InventoryItem/54336132251974
CPS6524,gid://shopify/InventoryItem/54336132284742
CPS7996,gid://shopify/InventoryItem/54336132350278
A1485426,gid://shopify/InventoryItem/54336132383046
A1485427,gid://shopify/InventoryItem/54336132448582
A1447074,gid://shopify/InventoryItem/54336132514118
A1485558,gid://shopify/InventoryItem/54336132546886
A1453073,gid://shopify/InventoryItem/54336132612422
A1483521,gid://shopify/InventoryItem/54336132710726
A1485546,gid://shopify/InventoryItem/54336132743494
A1485550,gid://shopify/InventoryItem/54336132809030
A1485537,gid://shopify/InventoryItem/54336132841798
A1485569,gid://shopify/InventoryItem/54336132907334
A1485599,gid://shopify/InventoryItem/54336133038406
A1485566,gid://shopify/InventoryItem/54336133136710
A1485597,gid://shopify/InventoryItem/54336133169478
A1456986,gid://shopify/InventoryItem/54336133235014
A1500046,gid://shopify/InventoryItem/54336133267782
A1500045,gid://shopify/InventoryItem/54336133333318
A1500044,gid://shopify/InventoryItem/54336133366086
A1500043,gid://shopify/InventoryItem/54336133398854
A1456992,gid://shopify/InventoryItem/54336133464390
A1488224,gid://shopify/InventoryItem/54336133497158
A1488226,gid://shopify/InventoryItem/54336133529926
A1488227,gid://shopify/InventoryItem/54336133628230
A1488248,gid://shopify/InventoryItem/54336133660998
A1488249,gid://shopify/InventoryItem/54336133726534
A1499871,gid://shopify/InventoryItem/54336133759302
A1459264,gid://shopify/InventoryItem/54336133792070
A1500093,gid://shopify/InventoryItem/54336133824838
A1501162,gid://shopify/InventoryItem/54336133890374
A1418626,gid://shopify/InventoryItem/54336133955910
A1447058,gid://shopify/InventoryItem/54336134021446
A1501163,gid://shopify/InventoryItem/54336134086982
A1446992,gid://shopify/InventoryItem/54336134119750
A1459509,gid://shopify/InventoryItem/54336134152518
A1446901,gid://shopify/InventoryItem/54336134218054
A1505040,gid://shopify/InventoryItem/54336134283590
A1505152,gid://shopify/InventoryItem/54336134349126
A1505155,gid://shopify/InventoryItem/54336134381894
A1505148,gid://shopify/InventoryItem/54336134512966
A1505149,gid://shopify/InventoryItem/54336134545734
A1544480,gid://shopify/InventoryItem/54336134578502
A1479010,gid://shopify/InventoryItem/54336134611270
A1447502,gid://shopify/InventoryItem/54336134676806
A1459492,gid://shopify/InventoryItem/54336134709574
A1505710,gid://shopify/InventoryItem/54336134775110
A1505707,gid://shopify/InventoryItem/54336134840646
A1463372,gid://shopify/InventoryItem/54336134938950
A1463922,gid://shopify/InventoryItem/54336134971718
A1447156,gid://shopify/InventoryItem/54336135004486
A1473646,gid://shopify/InventoryItem/54336135070022
A1463011,gid://shopify/InventoryItem/54336135135558
A1456985,gid://shopify/InventoryItem/54336135725382
A1454854,gid://shopify/InventoryItem/54336135790918
A1446915,gid://shopify/InventoryItem/54336135921990
A1521786,gid://shopify/InventoryItem/54336135954758
A1446854,gid://shopify/InventoryItem/54336135987526
A1455616,gid://shopify/InventoryItem/54336136053062
A1454371,gid://shopify/InventoryItem/54336136085830
A1521956,gid://shopify/InventoryItem/54336136184134
A1521948,gid://shopify/InventoryItem/54336136216902
A1445827,gid://shopify/InventoryItem/54336136315206
A1522640,gid://shopify/InventoryItem/54336136347974
A1497446,gid://shopify/InventoryItem/54336136380742
A1523106,gid://shopify/InventoryItem/54336136413510
A1523105,gid://shopify/InventoryItem/54336136479046
A1484647,gid://shopify/InventoryItem/54336136511814
A1485535,gid://shopify/InventoryItem/54336136577350
A1485542,gid://shopify/InventoryItem/54336136642886
A1485568,gid://shopify/InventoryItem/54336136708422
A1524059,gid://shopify/InventoryItem/54336136741190
A1445143,gid://shopify/InventoryItem/54336136773958
A1523619,gid://shopify/InventoryItem/54336136806726
A1432081,gid://shopify/InventoryItem/54336136872262
A1446102,gid://shopify/InventoryItem/54336136905030
A1525248,gid://shopify/InventoryItem/54336136970566
A1523785,gid://shopify/InventoryItem/54336137068870
A1523786,gid://shopify/InventoryItem/54336137101638
A1523862,gid://shopify/InventoryItem/54336137134406
A1443674,gid://shopify/InventoryItem/54336137167174
A1523865,gid://shopify/InventoryItem/54336137232710
A1523869,gid://shopify/InventoryItem/54336137265478
A1526139,gid://shopify/InventoryItem/54336137298246
A1454855,gid://shopify/InventoryItem/54336137331014
A1526349,gid://shopify/InventoryItem/54336137396550
A1502604,gid://shopify/InventoryItem/54336137593158
A1526526,gid://shopify/InventoryItem/54336137625926
A1527007,gid://shopify/InventoryItem/54336137658694
A1454212,gid://shopify/InventoryItem/54336137691462
A1446512,gid://shopify/InventoryItem/54336137756998
A1523784,gid://shopify/InventoryItem/54336137789766
A1523826,gid://shopify/InventoryItem/54336137822534
A1417429,gid://shopify/InventoryItem/54336137855302
A1523863,gid://shopify/InventoryItem/54336137953606
A1530108,gid://shopify/InventoryItem/54336138215750
A1493226,gid://shopify/InventoryItem/54336138248518
A1531236,gid://shopify/InventoryItem/54336138772806
A1531237,gid://shopify/InventoryItem/54336138838342
A1526901,gid://shopify/InventoryItem/54336138969414
A1499660,gid://shopify/InventoryItem/54336139002182
A1443378,gid://shopify/InventoryItem/54336139100486
A1493233,gid://shopify/InventoryItem/54336139166022
A1446238,gid://shopify/InventoryItem/54336139198790
A1529193,gid://shopify/InventoryItem/54336139231558
A1473805,gid://shopify/InventoryItem/54336139297094
A1473803,gid://shopify/InventoryItem/54336139329862
A1443676,gid://shopify/InventoryItem/54336139362630
A1477376,gid://shopify/InventoryItem/54336139559238
A1525144,gid://shopify/InventoryItem/54336139592006
A1534809,gid://shopify/InventoryItem/54336139723078
A1534896,gid://shopify/InventoryItem/54336139755846
A1534897,gid://shopify/InventoryItem/54336139788614
A1534899,gid://shopify/InventoryItem/54336139821382
A1534901,gid://shopify/InventoryItem/54336139854150
A1382910,gid://shopify/InventoryItem/54336139919686
A1535204,gid://shopify/InventoryItem/54336139952454
A1535205,gid://shopify/InventoryItem/54336139985222
A1535717,gid://shopify/InventoryItem/54336140116294
A1501469,gid://shopify/InventoryItem/54336140181830
A1417800,gid://shopify/InventoryItem/54336140214598
A1538132,gid://shopify/InventoryItem/54336140247366
A1540402,gid://shopify/InventoryItem/54336140312902
A1459159,gid://shopify/InventoryItem/54336140411206
A1540208,gid://shopify/InventoryItem/54336140443974
A1458721,gid://shopify/InventoryItem/54336140476742
A1459161,gid://shopify/InventoryItem/54336140542278
A1459162,gid://shopify/InventoryItem/54336140640582
A1459160,gid://shopify/InventoryItem/54336140673350
A1535612,gid://shopify/InventoryItem/54336140706118
A1535561,gid://shopify/InventoryItem/54336140804422
A1483380,gid://shopify/InventoryItem/54336140837190
A1483379,gid://shopify/InventoryItem/54336140869958
A1473132,gid://shopify/InventoryItem/54336140935494
A1473020,gid://shopify/InventoryItem/54336141001030
A1472825,gid://shopify/InventoryItem/54336141099334
A1468193,gid://shopify/InventoryItem/54336141132102
A1460196,gid://shopify/InventoryItem/54336141295942
A1459851,gid://shopify/InventoryItem/54336141328710
A1413412,gid://shopify/InventoryItem/54336141394246
A1413375,gid://shopify/InventoryItem/54336141427014
A1413401,gid://shopify/InventoryItem/54336141492550
A1413391,gid://shopify/InventoryItem/54336141623622
A1413385,gid://shopify/InventoryItem/54336141656390
A1413379,gid://shopify/InventoryItem/54336141754694
A1395146,gid://shopify/InventoryItem/54336141787462
A1376996,gid://shopify/InventoryItem/54336141820230
A1370529,gid://shopify/InventoryItem/54336141852998
A1444535,gid://shopify/InventoryItem/54336141918534
A1535576,gid://shopify/InventoryItem/54336142115142
A1542959,gid://shopify/InventoryItem/54336142147910
A1542960,gid://shopify/InventoryItem/54336142246214
A1542961,gid://shopify/InventoryItem/54336142311750
A1543115,gid://shopify/InventoryItem/54336142344518
A1543431,gid://shopify/InventoryItem/54336142377286
A1543432,gid://shopify/InventoryItem/54336142410054
A1543450,gid://shopify/InventoryItem/54336142475590
A1543451,gid://shopify/InventoryItem/54336142508358
A1543452,gid://shopify/InventoryItem/54336142541126
A1544141,gid://shopify/InventoryItem/54336142639430
A1544146,gid://shopify/InventoryItem/54336142704966
A1544143,gid://shopify/InventoryItem/54336142737734
A1544148,gid://shopify/InventoryItem/54336142770502
A1544145,gid://shopify/InventoryItem/54336142803270
A1544575,gid://shopify/InventoryItem/54336142868806
A1544576,gid://shopify/InventoryItem/54336142901574
A1544577,gid://shopify/InventoryItem/54336142934342
A1544578,gid://shopify/InventoryItem/54336143065414
A1545669,gid://shopify/InventoryItem/54336143163718
A1545670,gid://shopify/InventoryItem/54336143196486
A1545671,gid://shopify/InventoryItem/54336143262022
A1547333,gid://shopify/InventoryItem/54336143294790
A1453403,gid://shopify/InventoryItem/54336143393094
A1547623,gid://shopify/InventoryItem/54336143786310
A1547740,gid://shopify/InventoryItem/54336143819078
A1549797,gid://shopify/InventoryItem/54336143851846
A1535572,gid://shopify/InventoryItem/54336143884614
A1544481,gid://shopify/InventoryItem/54336143917382
A1551369,gid://shopify/InventoryItem/54336143982918
A1543951,gid://shopify/InventoryItem/54336144015686
A1552423,gid://shopify/InventoryItem/54336144081222
A1552493,gid://shopify/InventoryItem/54336144179526
A1544845,gid://shopify/InventoryItem/54336144212294
A1505377,gid://shopify/InventoryItem/54336144245062
A1446921,gid://shopify/InventoryItem/54336144277830
A1554579,gid://shopify/InventoryItem/54336144343366
A1554580,gid://shopify/InventoryItem/54336144376134
A1554581,gid://shopify/InventoryItem/54336144408902
A1554582,gid://shopify/InventoryItem/54336144474438
A1554583,gid://shopify/InventoryItem/54336144572742
A1554646,gid://shopify/InventoryItem/54336144605510
A1459488,gid://shopify/InventoryItem/54336144638278
A1445090,gid://shopify/InventoryItem/54336144671046
A1499719,gid://shopify/InventoryItem/54336144769350
A1535575,gid://shopify/InventoryItem/54336144867654
A1556339,gid://shopify/InventoryItem/54336144933190
A1535606,gid://shopify/InventoryItem/54336144965958
A1459223,gid://shopify/InventoryItem/54336145326406
A1526902,gid://shopify/InventoryItem/54336145359174
A1557238,gid://shopify/InventoryItem/54336145391942
A1557239,gid://shopify/InventoryItem/54336145948998
A1557240,gid://shopify/InventoryItem/54336145981766
A1530973,gid://shopify/InventoryItem/54336146047302
A1557954,gid://shopify/InventoryItem/54336146145606
A1557955,gid://shopify/InventoryItem/54336146178374
A1558587,gid://shopify/InventoryItem/54336146309446
A1558588,gid://shopify/InventoryItem/54336146374982
A1558589,gid://shopify/InventoryItem/54336146440518
A1558590,gid://shopify/InventoryItem/54336146473286
A1558591,gid://shopify/InventoryItem/54336146506054
A1527328,gid://shopify/InventoryItem/54336146538822
A1533530,gid://shopify/InventoryItem/54336146571590
A1520898,gid://shopify/InventoryItem/54336392921414
A1444029,gid://shopify/InventoryItem/54336395739462
A1523168,gid://shopify/InventoryItem/54336397443398
A1505151,gid://shopify/InventoryItem/54336452002118
A1554244,gid://shopify/InventoryItem/54336453607750
