Handle,Title,Vendor,Variant SKU,Variant Inventory Tracker,Variant Inventory Qty,Variant Barcode
a1554244,Transportwagen - 500kg Draagvermogen - Grijs,Prijsgarantie.nl,A1554244,,0,'8720602828605
a1505151,HANGMAT - Polyester Katoen 150kg - Rood Oranje 200x150cm,Prijsgarantie.nl,A1505151,,0,'8720602898363
a1523168,Elektrische Kinderauto - Audi R8 Sport 2x45W 12V - Zwart,Prijsgarantie.nl,A1523168,,0,'8720602821200
a1444029,"PLANTENBAK - Verlicht, Weerbestendig, Polyethyleen - Wit 80x35x50 cm",Prijsgarantie.nl,A1444029,,0,'8720602860810
a1520898,"HOUTKACHEL - 9,70 kW - Energieklasse A - zwart",Prijsgarantie.nl,A1520898,,0,'8720602899285
a1533530,Ladekast - 5 lades - kunststof - wit - pastelkleuren,Prijsgarantie.nl,A1533530,,0,'5905817000937
a1527328,"UV-C lamp - ozonisatiefunctie, instelbare timer, afstandsbediening - zwart",Prijsgarantie.nl,A1527328,,0,'5907265016959
a1558591,"FOAM BLOKKEN BRUGSET - 4 elementen, 65 cm hoog - wit, grijs",Prijsgarantie.nl,A1558591,,0,'8720602823433
a1558590,"FOAM BLOKKEN SET - 15 Elementen, T-21 Schuim, Slijtvast - Groen/Geel/Oranje/Blauw",Prijsgarantie.nl,A1558590,,0,'8720602823426
a1558589,Jenga foam blokken - 15 elementen - blauw/groen/paars/roze/fuchsia,Prijsgarantie.nl,A1558589,,0,'8720602823419
a1558588,Jenga foam blokken - 15 elementen - wit/babyblauw/grijs,Prijsgarantie.nl,A1558588,,0,'8720602823402
a1558587,FOAM BLOKKEN - 11 elementen - wit,Prijsgarantie.nl,A1558587,,0,'8720602823396
a1557955,PULL-UP BAR - Verstelbare Hoogte 146-222 cm - Staalconstructie - Zwart,Prijsgarantie.nl,A1557955,,0,'8720602823037
a1557954,PULL-UP BAR - Verstelbaar 145-218 cm - Staalconstructie - Antislip - Zwart,Prijsgarantie.nl,A1557954,,0,'8720602823020
a1530973,GAMINGSTOEL - Ergonomisch met intrekbare voetsteun en lendenkussen - zwart/grijs,Prijsgarantie.nl,A1530973,,0,'5905817000388
a1557240,MEISJESFIETS - 6 Shimano Versnellingen - Wit/Roze - 24 Inch,Prijsgarantie.nl,A1557240,,0,'8720602822986
a1557239,MEISJESFIETS - Stalen Frame 17 Inch - 26x1.75 Banden - Roze,Prijsgarantie.nl,A1557239,,0,'8720602822979
a1557238,meisjesfiets - 26 inch - staal - wit/zwart,Prijsgarantie.nl,A1557238,,0,'8720602822962
a1526902,CAMPINGTAFEL - Opklapbaar HDPE-Staal - Zwart 180x70 cm,Prijsgarantie.nl,A1526902,,0,'5903769979103
a1459223,Eetkamerstoel - Ergonomisch Design - Wit/Zwart,Prijsgarantie.nl,A1459223,,0,'8720602856141
a1535606,KINDERBED AUTO - Inclusief Matras - 160x80 cm,Prijsgarantie.nl,A1535606,,0,'5903641550055
a1556339,Kinderbankje - omvormbaar tot bed - roze - 170x100cm,Prijsgarantie.nl,A1556339,,0,'8720602822931
a1535575,KINDERBED - uitvalbeveiliging-flexibele lattenbodem - 140x70 cm,Prijsgarantie.nl,A1535575,,0,'5903641554480
a1499719,KAPTAFEL - grote spiegel 50x40 cm - wit,Prijsgarantie.nl,A1499719,,0,'5903769977383
a1445090,HANGSTOEL - Braziliaanse stijl - 130x96 cm - Zwart,Prijsgarantie.nl,A1445090,,0,'8720602804579
a1459488,"Draaistoel - Ergonomisch, Verstelbare Hoogte, 360 Graden Draaibaar - Zwart",Prijsgarantie.nl,A1459488,,0,'8720602856295
a1554646,LOOPBAND - 1.5HP Motor - Inklapbaar - Bluetooth - 400x1100mm - Zwart,Prijsgarantie.nl,A1554646,,0,'8720602828698
a1554583,BUMPER PLATE - 25kg - 45cm Diameter - Rood,Prijsgarantie.nl,A1554583,,0,'8720602828650
a1554582,BUMPER PLATE - 20 kg schokabsorberend rubber - blauw,Prijsgarantie.nl,A1554582,,0,'8720602828643
a1554581,Bumper plate - 15 kg - Geel,Prijsgarantie.nl,A1554581,,0,'8720602828636
a1554580,HALTERSCHIJF - 10 kg Rubber - groen,Prijsgarantie.nl,A1554580,,0,'8720602828629
a1554579,Bumper Plate - 5 kg Rubber Staal - Grijs,Prijsgarantie.nl,A1554579,,0,'8720602828612
a1446921,HANGMAT - Katoen 280g/m2 - 220cm x 160cm - Max. 200kg - Tweepersoons,Prijsgarantie.nl,A1446921,,0,'8720602811591
a1505377,"Balkonparasol - 2,7m Diameter - Waterdicht Polyester - Groen",Prijsgarantie.nl,A1505377,,0,'5903769977956
a1544845,Schaduwdoek - Waterdicht Polyester UV-bescherming - 4x4 m,Prijsgarantie.nl,A1544845,,0,'5905817002146
a1552493,pakketbrievenbus - verzinkt staal - antraciet houtlook - 50x38x112 cm,Prijsgarantie.nl,A1552493,,0,'8720602828131
a1552423,Peuterbed - uitvalbeveiliging en lade - wit,Prijsgarantie.nl,A1552423,,0,'8720602828070
a1543951,Halterset - 50kg Verstelbaar - Zwart/Rood,Prijsgarantie.nl,A1543951,,0,'8720602827974
a1551369,Foam Blokken Speelset - 7 Delen - T2130 Schuim - Beige/Wit,Prijsgarantie.nl,A1551369,,0,'8720602827783
a1544481,HANGMAT - Polyester-Katoen - 2 Persoons - Blauw/Groen,Prijsgarantie.nl,A1544481,,0,'8720602822023
a1535572,KINDERBED - Verplaatsbare Barrière - Wit/Roze - 160x80 cm,Prijsgarantie.nl,A1535572,,0,'5903641557733
a1549797,HANGMAT MET STANDAARD - Poedergecoat Staal - Oranje Rood - 220x160 cm,Prijsgarantie.nl,A1549797,,0,'8720602827615
a1547740,JACUZZI - Opblaasbaar - 3 Personen - 105 Jets - Grijs - 135 cm,Prijsgarantie.nl,A1547740,,0,'8720602826830
a1547623,XXL foam blokken set - 9 elementen - beige,Prijsgarantie.nl,A1547623,,0,'8720602827011
a1453403,"YOGAMAT - antislip, schokabsorptie, waterbestendig - 183x60 cm",Prijsgarantie.nl,A1453403,,0,'8720602846166
a1547333,"KINDERFAUTEUIL - lichtgewicht, wasbare hoes, corduroy - lichtgrijs",Prijsgarantie.nl,A1547333,,0,'8720602826403
a1545671,"Zitzak - eco-leer, scheurvast, waterbestendig - oranje-wit",Prijsgarantie.nl,A1545671,,0,'8720602826250
a1545670,"Zitzak - Eco-leer, 325L, scheurvast - Oranje/Wit",Prijsgarantie.nl,A1545670,,0,'8720602826243
a1545669,VOETBAL ZITZAK - Eco-leer - Polystyreen Vulling - Zwart Wit,Prijsgarantie.nl,A1545669,,0,'8720602826236
a1544578,Trampoline sproeier en verlichting - afstandsbediening 15m - Ø305 cm,Prijsgarantie.nl,A1544578,,0,'8720602826021
a1544577,Trampoline sproeier en verlichting - afstandsbediening 15m - Ø244 cm,Prijsgarantie.nl,A1544577,,0,'8720602826014
a1544576,TRAMPOLINE SPROEIER EN VERLICHTING - Afstandsbediening 15m - Ø183 cm,Prijsgarantie.nl,A1544576,,0,'8720602826007
a1544575,Rebounder - duurzaam net en stevig frame - zwart - 124x124 cm,Prijsgarantie.nl,A1544575,,0,'8720602825994
a1544145,MASSAGETAFEL - Opvouwbaar Aluminium - Verstelbare Hoofdsteun - Zwart 185x70 cm,Prijsgarantie.nl,A1544145,,0,'8720602825925
a1544148,MASSAGETAFEL - Opvouwbaar Aluminium - Verstelbare Hoofdsteun - Wit 185x70 cm,Prijsgarantie.nl,A1544148,,0,'8720602825956
a1544143,"MASSAGETAFEL - 3 Secties, Verstelbare Hoofdsteun, Opvouwbaar - Zwart 185x70 cm",Prijsgarantie.nl,A1544143,,0,'8720602825901
a1544146,MASSAGETAFEL - Hout-PVC Leer-Opvouwbaar-Verstelbare Hoofdsteun - Wit,Prijsgarantie.nl,A1544146,,0,'8720602825932
a1544141,Bedframe - met matras en lattenbodem - wit - 90x200 cm,Prijsgarantie.nl,A1544141,,0,'8720602821361
a1543452,TRAMPOLINE RAND - 12mm Dikte PVC EPE - Blauw 200x300cm,Prijsgarantie.nl,A1543452,,0,'8720602825871
a1543451,trampoline rand - 12mm dikte - blauw/180x270cm,Prijsgarantie.nl,A1543451,,0,'8720602825864
a1543450,TRAMPOLINE rand - 12mm dikte - blauw - 150x200cm,Prijsgarantie.nl,A1543450,,0,'8720602825857
a1543432,Trampoline - Veiligheidsnet-125cm - Groen-Ø140cm,Prijsgarantie.nl,A1543432,,0,'8720602825802
a1543431,TRAMPOLINE - Veiligheidsnet - Ø 140 cm - Blauw/Geel,Prijsgarantie.nl,A1543431,,0,'8720602825796
a1543115,Kaptafel - hartvormige spiegel en 4 lades - wit,Prijsgarantie.nl,A1543115,,0,'8720602825734
a1542961,"HANGSTOEL - Inklapbaar, PE Rattan, Max 160kg - Zwart/Beige",Prijsgarantie.nl,A1542961,,0,'8720602825727
a1542960,HANGSTOEL - Inklapbaar - PE Rattan - Grijs,Prijsgarantie.nl,A1542960,,0,'8720602825710
a1542959,"Hangstoel - Inklapbaar, PE Rattan, 160kg - Crème/Zwart/Beige",Prijsgarantie.nl,A1542959,,0,'8720602825703
a1535576,PEUTERBED - Veiligheid met Hekje - Wit/160x80 cm,Prijsgarantie.nl,A1535576,,0,'5903641554497
a1444535,FIETSKAR - Opvouwbaar tot 40 kg - Grijs/Zwart,Prijsgarantie.nl,A1444535,,0,'8720602879775
a1370529,Sport Grille - 100% Passend & Eenvoudig te Monteren - Zwart Chroom,Prijsgarantie.nl,A1370529,,0,'4050756511479
a1376996,Hondenrek - verstelbare breedte 91-145 cm - zwart,Prijsgarantie.nl,A1376996,,0,'8720602880146
a1395146,GRILL - sportieve look - glanzend zwart met rode bies,Prijsgarantie.nl,A1395146,,0,'4050756578250
a1413379,Isolatiemat - Audi A3 8V Motorkap - Bevestigingsclips - Zwart,Prijsgarantie.nl,A1413379,,0,'8720602880535
a1413385,ISOLATIEMAT - Motorkap - Bevestigingsclips Inbegrepen - Zwart,Prijsgarantie.nl,A1413385,,0,'8720602880955
a1413391,Isolatiemat - Motorkap Mercedes GLA X156 2013-2020 - Zwart,Prijsgarantie.nl,A1413391,,0,'8720602880115
a1413401,Isolatiemat - Geluidsreductie en Bescherming - Zwart,Prijsgarantie.nl,A1413401,,0,'8720602880900
a1413375,Isolatiemat - motorkap geluidsreductie bevestigingsclips - zwart,Prijsgarantie.nl,A1413375,,0,'8720602880702
a1413412,Isolatiemat - motorkap Seat Leon 1P 2006-2013 - zwart,Prijsgarantie.nl,A1413412,,0,'8720602880726
a1459851,VOORSPOILER LIP - perfecte pasvorm - glanzend zwart,Prijsgarantie.nl,A1459851,,0,'4050756548222
a1460196,Dumbellset - 30 kg Chroom Gietijzer - Chroom,Prijsgarantie.nl,A1460196,,0,'8720602879294
a1468193,"Kaptafel - Met Spiegel en Verlichting - Roze - 44x24,5x76 cm",Prijsgarantie.nl,A1468193,,0,'8720602865112
a1472825,JERRYCAN - 20L Metaal Inclusief Schenktuit - Zwart,Prijsgarantie.nl,A1472825,,0,'8720602879492
a1473020,HANDLIER - trekkracht 1500 kg - band 8m - blauw,Prijsgarantie.nl,A1473020,,0,'4050756549878
a1473132,FIETSKAR - Opvouwbaar tot 40 kg - Oranje Zwart,Prijsgarantie.nl,A1473132,,0,'8720602880122
a1483379,Zijwindschermen - Krasbestendig en UV-bestendig - Zwart,Prijsgarantie.nl,A1483379,,0,'4050756558245
a1483380,Windscherm - Regen-/winddeflector - Zwart rook,Prijsgarantie.nl,A1483380,,0,'4050756558276
a1535561,kinderbed - bedbank met opberglades en veiligheidsbarrière - wit/grijs - 160x80 cm,Prijsgarantie.nl,A1535561,,0,'5903699831793
a1535612,Kinderbed - Bedbank Functie - Wit/Roze - 160x80 cm,Prijsgarantie.nl,A1535612,,0,'5903699831823
a1459160,RONDE SPIEGEL - Gepoedercoat Metaal - Goud - 60 cm,Prijsgarantie.nl,A1459160,,0,'5903332005376
a1459162,Ronde spiegel - luxe gouden poedercoat - 80 cm,Prijsgarantie.nl,A1459162,,0,'5903332005390
a1459161,RONDE SPIEGEL - Gepoedercoat Metaal - Goud - 70 cm,Prijsgarantie.nl,A1459161,,0,'5903332005383
a1458721,Kussenbox - Weerbestendig Kunststof - 390L - Zwart,Prijsgarantie.nl,A1458721,,0,'5903890606992
a1540208,PLATEAUWAGEN - 640 kg Draagvermogen - Blauw/Zwart,Prijsgarantie.nl,A1540208,,0,'5906138978240
a1459159,Ronde spiegel - 80 cm diameter - zwart frame,Prijsgarantie.nl,A1459159,,0,'5903332005369
a1540402,MOESTUINBAK - grenen-planken-met-agro-textiel - 80x80x20-cm,Prijsgarantie.nl,A1540402,,0,'8720602898448
a1538132,TRAPHEKJE - Verstelbaar 72-122 cm - Hout - Ongelakt,Prijsgarantie.nl,A1538132,,0,'8720602897168
a1417800,afzuigkap - telescopisch - 200 m3/u - zwart/roestvrij staal - 50 cm,Prijsgarantie.nl,A1417800,,0,'8720249182443
a1501469,MAKE-UP TAFEL - LED Spiegel 2 Kleuren - Wit,Prijsgarantie.nl,A1501469,,0,'8720602897250
a1535717,Driewieler - 7 versnellingen - Wit,Prijsgarantie.nl,A1535717,,0,'8720602885257
a1535205,geldtelmachine - uv mg ir detectie - 1100 biljetten per minuut,Prijsgarantie.nl,A1535205,,0,'8720602896222
a1535204,Geldtelmachine - UV MG IR Detectie - 1100 Biljetten/min - LED Display,Prijsgarantie.nl,A1535204,,0,'8720602883680
a1382910,"Logeermatras - opvouwbaar, comfortabel, duurzaam - grijs 200x70 cm",Prijsgarantie.nl,A1382910,,0,'8720602897885
a1534901,Kaptafel - Hartvormige Spiegel - 4 Lades - Wit,Prijsgarantie.nl,A1534901,,0,'8720602897700
a1534899,MATRAS - Koudschuim 25D - 90x200x12 cm,Prijsgarantie.nl,A1534899,,0,'8720602896987
a1534897,"Matras - koudschuim, uitstekende ondersteuning, wasbare hoes - 70x160 cm",Prijsgarantie.nl,A1534897,,0,'8720602889330
a1534896,Koudschuim matras - uitstekende ondersteuning - 80x160 cm,Prijsgarantie.nl,A1534896,,0,'8720602888548
a1534809,Fitness Stepper - 2 Weerstandsbanden - Display Functies - Groen/Wit/Zwart,Prijsgarantie.nl,A1534809,,0,'8720602890466
a1525144,"Weerstation - Draadloze Metingen, Wifi, UV-indicator - Grijs",Prijsgarantie.nl,A1525144,,0,'5907265020857
a1477376,LED vlaggenmast kerstboom - 500 LED - 300 cm - warm wit,Prijsgarantie.nl,A1477376,,0,'5904915117431
a1443676,Dumbells - Neopreen 6kg Set - Donkerroze,Prijsgarantie.nl,A1443676,,0,'8720602800816
a1473803,"SPEELMAT - Dubbelzijdig, Opvouwbaar, Waterdicht - 200x180 cm",Prijsgarantie.nl,A1473803,,0,'8720602877726
a1473805,SPEELMAT - waterdicht en antislip - grijs/wit/multicolor - 180x150 cm,Prijsgarantie.nl,A1473805,,0,'8720602870192
a1529193,Ventilatorkachel - 1000W/2000W Oververhittingsbeveiliging - Zwart,Prijsgarantie.nl,A1529193,,0,'5908277383985
a1446238,STEEKWAGEN - 2-in-1 Transportwagen 250kg - Rood,Prijsgarantie.nl,A1446238,,0,'8720602861022
a1493233,Houten speelgoed laptop - 2-in-1 krijtbord en magneetbord - 30x22 cm,Prijsgarantie.nl,A1493233,,0,'5903769973576
a1443378,afzuigkap - telescopisch 50cm 200m3/u LED - inox,Prijsgarantie.nl,A1443378,,0,'8720249182450
a1499660,KINDERKEUKEN - Hout en MDF - wit/zwart/grijs,Prijsgarantie.nl,A1499660,,0,'5903769971480
a1526901,KLAPTAFEL - Stabiele HDPE-constructie - Zwart 153x70 cm,Prijsgarantie.nl,A1526901,,0,'5903769979097
a1531237,Kinderfauteuil - Corduroy Slaapbankje - Beige,Prijsgarantie.nl,A1531237,,0,'8720602895256
a1531236,kinderfauteuil - slaapbankje - corduroy - grijs,Prijsgarantie.nl,A1531236,,0,'8720602897441
a1493226,KINDERTAFEL EN STOELTJES - afneembaar tafelblad met bouwplaten - hout/wit/rood/geel/groen/blauw,Prijsgarantie.nl,A1493226,,0,'5903769972760
a1530108,"BEDHEKJE - Inklapbaar, massief grenenhout, EU-gecertificeerd - 149x30x40 cm",Prijsgarantie.nl,A1530108,,0,'8720602888463
a1523863,"Houtkachel - 6,6 kW Vermogen - Rood/Beige/Antraciet",Prijsgarantie.nl,A1523863,,0,'8720602889156
a1417429,Kapstok - gepoedercoat staal - 180 cm - zwart,Prijsgarantie.nl,A1417429,,0,'8720249189930
a1523826,"HOUTKACHEL - 8,7 kW - 10,7 kW - Zwart",Prijsgarantie.nl,A1523826,,0,'8720602894860
a1523784,HOUTKACHEL - 10kW ECO Design 2022 - Zwart,Prijsgarantie.nl,A1523784,,0,'8720602897922
a1446512,"Deurmat - geribbeld, duurzaam, antislip - 90x150 cm",Prijsgarantie.nl,A1446512,,0,'8720602812567
a1454212,KERSTBOOM - 180 cm hoogte - natuurlijke stam - 20 dennenappels,Prijsgarantie.nl,A1454212,,0,'8720602845664
a1527007,AEROBIC STEP - Verstelbaar 10/15/20 cm - Antislip - Zwart/Grijs,Prijsgarantie.nl,A1527007,,0,'8720602821224
a1526526,Pelletkachel - 8kW Automatisch Luchtcirculatie - Zwart,Prijsgarantie.nl,A1526526,,0,'8720602896994
a1502604,KAPTAFEL - 3 lades - ovale spiegel - wit,Prijsgarantie.nl,A1502604,,0,'5901292693992
a1526349,"HOUTPELLETS - Premium kwaliteit - 15,5 kg",Prijsgarantie.nl,A1526349,,0,'8720602895867
a1454855,Optrekstang - Verstelbare Hoogte 146-215 cm - Zwart,Prijsgarantie.nl,A1454855,,0,'8720602849006
a1526139,Meisjesfiets - stalen frame 13 inch - 24 inch,Prijsgarantie.nl,A1526139,,0,'8720602899988
a1523869,Houtkachel - 12kW ECO Design 2022 - Antraciet,Prijsgarantie.nl,A1523869,,0,'8720602899896
a1523865,"Houtkachel - 6,6 kW Vermogen - Rood/Beige/Antraciet",Prijsgarantie.nl,A1523865,,0,'8720602899902
a1443674,"DUMBBELLS - Neopreen, 4kg, Comfortabele grip - Donker roze",Prijsgarantie.nl,A1443674,,0,'8720602800823
a1523862,"HOUTKACHEL - 7,5 kW - Energielabel A+ - Antraciet",Prijsgarantie.nl,A1523862,,0,'8720602899803
a1523786,Houtkachel - 22kW Watermantel - Zwart,Prijsgarantie.nl,A1523786,,0,'8720602899841
a1523785,Houtkachel - 15kW Watermantel - Vrijstaand,Prijsgarantie.nl,A1523785,,0,'8720602899834
a1525248,HANGMAT STANDAARD - Metalen Constructie 150kg - Antraciet,Prijsgarantie.nl,A1525248,,0,'8720602821231
a1446102,Keukenmengkraan - keramische kop - draaibare uitloop - zwart,Prijsgarantie.nl,A1446102,,0,'8720602838413
a1432081,Halterstang - gehard chroomstaal - 180 cm,Prijsgarantie.nl,A1432081,,0,'8720602810792
a1523619,ROLSTEIGER - Aluminium - Antislip Platform - 5m Werkhoogte - Grijs,Prijsgarantie.nl,A1523619,,0,'8720602899773
a1445143,randafdekking trampoline - duurzaam pvc - 252 cm,Prijsgarantie.nl,A1445143,,0,'8720602846456
a1524059,"LOOPBAND - 1,5 pk motor - 1-10 km/u - inklapbaar - zwart",Prijsgarantie.nl,A1524059,,0,'8720602899728
a1485568,LADDERAFHOUDER - ondersteuning muren en palen - 33 cm,Prijsgarantie.nl,A1485568,,0,'8720602899629
a1485542,"TRANSPORTWAGEN - lichtgewicht aluminium, telescopisch, 150 kg - zilver/zwart",Prijsgarantie.nl,A1485542,,0,'5907707435683
a1485535,Steekwagen - opvouwbaar met handbescherming en rubberen wielen - blauw/rood,Prijsgarantie.nl,A1485535,,0,'5907707435348
a1484647,Babygym - 7-in-1 Multifunctioneel - Dinosaurus Thema - 97x78x56 cm,Prijsgarantie.nl,A1484647,,0,'8720602877627
a1523105,EETKAMERSTOELEN - Set van 2 - Polypropyleen en Beukenhout - Zwart,Prijsgarantie.nl,A1523105,,0,'8720602899346
a1523106,"EETKAMERSTOELEN - Set van 4, polypropyleen, beukenhout - Roze",Prijsgarantie.nl,A1523106,,0,'8720602899353
a1497446,Zwembad - Power Steel Swim Vista II 13.430L - Grijs 549x274x122cm,Prijsgarantie.nl,A1497446,,0,'6942138954586
a1522640,HANGMAT MET STANDAARD - Stalen Frame 220kg - Zwart 300cm,Prijsgarantie.nl,A1522640,,0,'8720602899315
a1445827,SPEELMAT - Zacht EVA-schuim - 60x60 cm - Grijs/Wit,Prijsgarantie.nl,A1445827,,0,'8720602808102
a1521948,FITNESS TRAMPOLINE - 101 cm Diameter - Blauw,Prijsgarantie.nl,A1521948,,0,'8720602821101
a1521956,Trampoline - 183 cm Diameter - Regenboogkleurig,Prijsgarantie.nl,A1521956,,0,'8720602821187
a1454371,Afzuigkap - 3 snelheden - zwart/roestvrij staal - 60 cm,Prijsgarantie.nl,A1454371,,0,'8720602846555
a1455616,Wastafel sifon - messing klik-klak afvoer - zwart,Prijsgarantie.nl,A1455616,,0,'8720602870031
a1446854,NESTSCHOMMEL - Weerbestendig Polyethyleen - 167x70 cm,Prijsgarantie.nl,A1446854,,0,'8720602811454
a1521786,fietskar - schokdemper en luchtbanden - lime groen,Prijsgarantie.nl,A1521786,,0,'8720602899308
a1446915,HANGMAT - Stalen Frame 220kg Weerbestendig - Zwart 220x160cm,Prijsgarantie.nl,A1446915,,0,'8720602812277
a1454854,Optrekstang - verstelbare hoogte 146-222 cm - mat zwart,Prijsgarantie.nl,A1454854,,0,'8720602849013
a1456985,"Foam blokken - 11 elementen, veilig en duurzaam - wit",Prijsgarantie.nl,A1456985,,0,'8720602851719
a1463011,ZWEMBAD - Opblaasbaar met dak - 157x157 cm,Prijsgarantie.nl,A1463011,,0,'8720602819481
a1473646,Make-up spiegel - ingebouwde led-verlichting - 20 cm,Prijsgarantie.nl,A1473646,,0,'8720602869905
a1447156,Schommelframe - 3-in-1 Multifunctioneel - Zwart,Prijsgarantie.nl,A1447156,,0,'8720602861718
a1463922,TRAMPOLINE - 244 cm - met veiligheidsnet - max 100 kg - zwart,Prijsgarantie.nl,A1463922,,0,'8720602867635
a1463372,TUINSLANG - Flexibel en Lichtgewicht met 8-standen Sproeikop - Zwart 10-30m,Prijsgarantie.nl,A1463372,,0,'8720602861657
a1505707,EETKAMERSTOEL - Set van 6 - Beukenhouten poten - Roze,Prijsgarantie.nl,A1505707,,0,'8720602821040
a1505710,Eetkamerstoel - Polypropyleen Beukenhout - Zwart 6 Stuks,Prijsgarantie.nl,A1505710,,0,8720602863248-01
a1459492,Eetkamerstoel - Polypropyleen Zitting - Beukenhouten Poten - Zwart - 4 Stuks,Prijsgarantie.nl,A1459492,,0,'8720602863248
a1447502,Schommelframe - multifunctioneel staal - grafiet,Prijsgarantie.nl,A1447502,,0,'8720602861749
a1479010,Dumbbells - verstelbaar 40 kg - zwart,Prijsgarantie.nl,A1479010,,0,'8720602877290
a1544480,HANGMAT - Polyester-Katoen - 2 Persoons - Rood-Oranje,Prijsgarantie.nl,A1544480,,0,'8720602822030
a1505149,LIGSTOEL TUIN - Textileen Gaas - Zwart - 175x67x108 cm,Prijsgarantie.nl,A1505149,,0,'8720602898349
a1505148,LIGSTOEL TUIN - Textileen Gaas - Blauw - 175x67x108 cm,Prijsgarantie.nl,A1505148,,0,'8720602898332
a1505155,SCHOMMELBANK - 3-persoons - ijzer - zonnedak - bruin,Prijsgarantie.nl,A1505155,,0,'8720602898325
a1505152,HANGMAT STANDAARD - Ijzer - 270x100x95 cm,Prijsgarantie.nl,A1505152,,0,'8720602898295
a1505040,KEUKENKRAAN - 304 roestvrij staal - 35mm keramische cartridge - zilver,Prijsgarantie.nl,A1505040,,0,'8720602898288
a1446901,"HANGMAT FRAME - gepoedercoat staal, 220 kg belasting - zwart, 220x150 cm",Prijsgarantie.nl,A1446901,,0,'8720602812000
a1459509,"Kinderbureaustoel - Ergonomisch Design, Eco-lederen Kussen - Wit/Roze",Prijsgarantie.nl,A1459509,,0,'8720602877597
a1446992,DOUCHEPANEEL - Regendouche-Hydromassage-Roestvrij Staal - Chroom,Prijsgarantie.nl,A1446992,,0,'8720602838697
a1501163,CONTAINER OMBouw - Geschikt voor 240L - Antraciet/Houtlook,Prijsgarantie.nl,A1501163,,0,'8720602898103
a1447058,"HANGMATFRAME - gepoedercoat staal, 220 kg draagvermogen - wit, 300x130 cm",Prijsgarantie.nl,A1447058,,0,'8720602812246
a1418626,ligstoel - verstelbaar-waterdicht-opvouwbaar - grijs,Prijsgarantie.nl,A1418626,,0,'8720602810938
a1501162,Containerombouw - Weerbestendig en Onderhoudsvrij - Antraciet en Hout,Prijsgarantie.nl,A1501162,,0,'8720602898110
a1500093,Kaptafel - LED Verlichting-7 Lades - Wit,Prijsgarantie.nl,A1500093,,0,'8720602898028
a1459264,"BUREAUSTOEL - Ergonomisch, Draaibaar, Eco-leer - Grijs/Wit",Prijsgarantie.nl,A1459264,,0,'8720602863590
a1499871,STAPELBED - massief grenenhout-eco friendly verf-bedlade - wit-160x80cm,Prijsgarantie.nl,A1499871,,0,'8720602898097
a1488249,MOESTUINBAK - grenen-hout-met-gronddoek - 120x80x27-cm,Prijsgarantie.nl,A1488249,,0,'8720602882836
a1488248,MOESTUINBAK - Hout met Gronddoek - 120x100x18 cm,Prijsgarantie.nl,A1488248,,0,'8720602882829
a1488227,Zandbak - dennenhout met verstelbaar dak en bankjes - rood 120x120 cm,Prijsgarantie.nl,A1488227,,0,'8720602882614
a1488226,Zandbak - dennenhout met verstelbaar dak en bankjes - blauw 120x120 cm,Prijsgarantie.nl,A1488226,,0,'8720602882607
a1488224,ZANDBAK - dennenhout met verstelbaar dak en bankjes - groen/120x120 cm,Prijsgarantie.nl,A1488224,,0,'8720602882584
a1456992,"SPEELTOESTEL - schuimen brugset, veilig en veelzijdig - wit grijs",Prijsgarantie.nl,A1456992,,0,'8720602852761
a1500043,TIPITENT - Katoen met Zigzag Patroon - Grijs 120x120x160 cm,Prijsgarantie.nl,A1500043,,0,'8720602897977
a1500044,TIPITENT - Katoen 175g/m2 - Roze 120x120x160 cm,Prijsgarantie.nl,A1500044,,0,'8720602897984
a1500045,TIPI TENT - Katoen 175g/m2 - Groen 120x120x160 cm,Prijsgarantie.nl,A1500045,,0,'8720602897991
a1500046,Tipi tent - katoen 175g/m2 met vloermat en kussens - roze 120x120x160 cm,Prijsgarantie.nl,A1500046,,0,'8720602898004
a1456986,Bouwblokkenset - Schuim Veiligheid Duurzaam - Wit/Grijs/Koraalrood,Prijsgarantie.nl,A1456986,,0,'8720602853973
a1485597,HUISHOUDTRAP - aluminium - 2x3 treden - zilver/rood,Prijsgarantie.nl,A1485597,,0,'8720602878891
a1485566,LADDERBANKJE - draagvermogen 150 kg - zilver,Prijsgarantie.nl,A1485566,,0,'8720602878877
a1485599,LADDER - aluminium-profiel-constructie - aluminium-rood,Prijsgarantie.nl,A1485599,,0,'8720602878945
a1485569,nokhaak - aluminium - 44x90 cm,Prijsgarantie.nl,A1485569,,0,'8720602879003
a1485537,STEEKWAGEN - 280 kg draagvermogen - blauw rood,Prijsgarantie.nl,A1485537,,0,'8720602878921
a1485550,STEEKWAGEN - 200kg Maximale Belasting - Zilver/Rood,Prijsgarantie.nl,A1485550,,0,'8720602878730
a1485546,TRANSPORTWAGEN - 500kg Maximale Belasting - Blauw,Prijsgarantie.nl,A1485546,,0,'8720602878662
a1483521,Loopband - 12 Programma's - Inklapbaar - 120kg - Zwart,Prijsgarantie.nl,A1483521,,0,'8720602877320
a1453073,Hangstoel standaard - Staal 125kg Weerbestendig - Wit,Prijsgarantie.nl,A1453073,,0,'8720602862203
a1485558,Fietskar - Max 50kg Laadvermogen - Zwart,Prijsgarantie.nl,A1485558,,0,'8720602878525
a1447074,Picknickmand - Handgemaakt Riet - Inclusief Servies en Deken - 2 Personen,Prijsgarantie.nl,A1447074,,0,'8720602812666
a1485427,STRETCHFOLIE - Ultra Duurzaam en Rekbaar - Zwart,Prijsgarantie.nl,A1485427,,0,'8720602877979
a1485426,STRETCHFOLIE - Ultra Duurzaam en Rekbaar - Transparant,Prijsgarantie.nl,A1485426,,0,'8720602877962
cps7996,LOOPBAND - 2 pk Motor - 12 km/u - Inklapbaar - 133x62x105 cm,Prijsgarantie.nl,CPS7996,,0,'8720249117797
cps6524,"LOOPBAND - 1,75 pk Motor - 17 km/u - 42 cm Antislip - Tot 130 kg",Prijsgarantie.nl,CPS6524,,0,'8720249117803
a1446105,WASTAFELKRAAN - Solide Messing - Chroom - 52cm Hoogte,Prijsgarantie.nl,A1446105,,0,'8720602838710
cps497,"Trampoline rand - robuust PVC/PE, weersbestendig - zwart/305 cm",Prijsgarantie.nl,CPS497,,0,'6291895077305
cps4687,STAPELBED - Inclusief Matras en Opberglade - 160x80cm,Prijsgarantie.nl,CPS4687,,0,'8720161028904
a1455690,KRAAN - Keramische Kop 35mm - Zwart Mat,Prijsgarantie.nl,A1455690,,0,'8720249187011
a1432548,Gewichtsmanchetten - 2x4 kg verstelbare sluiting - grijs,Prijsgarantie.nl,A1432548,,0,'8720602817340
a1446958,"PANTOFFELS - Unicorn Design, Antislip, Zachte Microvezel - Universele Maat 36-41",Prijsgarantie.nl,A1446958,,0,'8720602815308
a1482430,Foam speelset - 7-delig met ballenbak en 100 ballen - grijs,Prijsgarantie.nl,A1482430,,0,'8720602876217
a1482493,Foam speelset - 7-delig met ballenbak en 100 ballen - beige,Prijsgarantie.nl,A1482493,,0,'8720602876187
a1453300,FIETSKAR - 2-zits - schokbrekers - 5-punts gordels - lime-groen,Prijsgarantie.nl,A1453300,,0,'8720602864559
a1454130,INLINE SKATES - 4-in-1 Verstelbaar - Blauw/Wit - Maat 26-29,Prijsgarantie.nl,A1454130,,0,'8720602844940
a1479092,Kachelpijp - 120mm Diameter - 100cm Lengte - Zwart,Prijsgarantie.nl,A1479092,,0,'8720602875944
a1479090,HUISBED - ecologisch vurenhout - met logeerbed en bedlade - wit - 160x80 cm,Prijsgarantie.nl,A1479090,,0,'8720602875920
a1446631,KUNSTBOOM - 150 cm - 120 LED - IP44 - wit,Prijsgarantie.nl,A1446631,,0,'8720602861527
a1446991,Kunstkerstboom - Realistische Uiterlijk - 220 cm,Prijsgarantie.nl,A1446991,,0,'8720602814523
a1454271,TIPI TENT - Natuurlijk Katoen met Kussens en Lampen - Wit/Zwart,Prijsgarantie.nl,A1454271,,0,'8720602846050
a1455708,Wastafelkraan - keramische kop 40mm - zwart/chroom,Prijsgarantie.nl,A1455708,,0,'8720602866034
a1459352,Tuinmeubelset - Weerbestendig - 4 Stuks - Grijs,Prijsgarantie.nl,A1459352,,0,'8720602856004
a1447681,SCHRIJFBORD - Magnetisch & Krijt - 62x28x44 cm,Prijsgarantie.nl,A1447681,,0,'8720602813496
a1458331,TIPI TENTSTABILISATOR - Hout en Metaal - 122 mm,Prijsgarantie.nl,A1458331,,0,'8720602874282
a1454800,Bamboe Badplank - Wijnglashouder - 75-110cm,Prijsgarantie.nl,A1454800,,0,'8720602847644
a1446959,Pantoffels - Anti-slip Zolen - Witte Eenhoorn - Universele Maat,Prijsgarantie.nl,A1446959,,0,'8720602814646
a1454997,KUNSTKERSTBOOM - 220 cm - Automatisch Uitvouwsysteem - Groen,Prijsgarantie.nl,A1454997,,0,'8720602874275
a1454996,KUNSTKERSTBOOM - 180 cm - Innovatief uitvouwsysteem - Groen,Prijsgarantie.nl,A1454996,,0,'8720602874268
a1456434,KUNSTKERSTBOOM - 240 cm - Automatisch Uitvouwsysteem - Groen,Prijsgarantie.nl,A1456434,,0,'8720602874251
a1534328,KUNSTKERSTBOOM - Hoge Naalddichtheid - 150cm,Prijsgarantie.nl,A1534328,,0,
a1476506,Zonnepanelen - 455W Half-Cut Monokristallijn - Zwart/Wit,Prijsgarantie.nl,A1476506,,0,'8720602874091
a1456065,WC Rolhouder - Vrijstaand - Hoogwaardig Staal - Zwart,Prijsgarantie.nl,A1456065,,0,'8720602857971
a1476504,Zonnepanelen - 380W Hoog Rendement Monokristallijn - Zwart Frame,Prijsgarantie.nl,A1476504,,0,'8720602874107
a1476507,Zonnepanelen - 415W 20.9% Rendement Monokristallijn - Full Black,Prijsgarantie.nl,A1476507,,0,'8720602874145
a1476410,KUNSTKERSTBOOM - 240cm - 1550 Vertakkingen - Groen,Prijsgarantie.nl,A1476410,,0,'8720602873216
a1476409,kunstkerstboom - hoge naalddichtheid - 220 cm,Prijsgarantie.nl,A1476409,,0,'8720602873209
a1476408,KUNSTKERSTBOOM - 860 vertakkingen - 180 cm,Prijsgarantie.nl,A1476408,,0,'8720602873193
a1476407,KUNSTKERSTBOOM - 550 vertakkingen - 150 cm,Prijsgarantie.nl,A1476407,,0,'8720602873186
a1476173,houtkachel - 26kW watermantel - zwart,Prijsgarantie.nl,A1476173,,0,'8720602872318
a1476172,Kachel - 22kW Watermantel - Vrijstaand,Prijsgarantie.nl,A1476172,,0,'8720602872301
a1476153,Kachel - 15kW Watermantel - Vrijstaand,Prijsgarantie.nl,A1476153,,0,'8720602872080
a1475816,Houtkachel - 8.5kW Max Vermogen - Beige,Prijsgarantie.nl,A1475816,,0,'8720602871274
a1475814,houtkachel - gietijzer - 12kW - zwart,Prijsgarantie.nl,A1475814,,0,'8720602871267
a1475811,HANGSTOEL - Staalconstructie met Grijze Kussens - Grijs,Prijsgarantie.nl,A1475811,,0,'8720602871243
a1456989,"GLIJBAAN - Schuim, 40cm Hoog, Veilig - Wit",Prijsgarantie.nl,A1456989,,0,'8720602853607
a1456878,BALLENBAK - Waterdichte Sweatstof - Grijs - 90x30 cm,Prijsgarantie.nl,A1456878,,0,'8720602852747
a1455848,MAKE-UP SPIEGEL - LED-verlichting-360° rotatie-dubbelzijdig - chroom,Prijsgarantie.nl,A1455848,,0,'8720602858152
a1462960,SPEELTENT - Brandweer Thema - 190x73x102 cm - Rood,Prijsgarantie.nl,A1462960,,0,'8720602860773
a1459267,"Bureaustoel - Ergonomisch, Verstelbaar, Eco-leder - Wit/Grijs",Prijsgarantie.nl,A1459267,,0,'8720602856752
a1473784,Doucheset - keramische kop 35 mm - zwart,Prijsgarantie.nl,A1473784,,0,'8720602820968
a1473783,Doucheset - Regendouche 20x20 cm met Anti-Calc - Zwart,Prijsgarantie.nl,A1473783,,0,'8720602820951
a1473782,regendoucheset - thermostaatkraan met keramische kop - mat zwart,Prijsgarantie.nl,A1473782,,0,'8720602820920
a1456990,SCHUIMEN GLIJBAAN - Meerdere vormen - 40cm hoog - Wit/Grijs/Paars,Prijsgarantie.nl,A1456990,,0,'8720602852778
a1445190,Fietskar - Schokbrekers - Veiligheidsgordels - Zwart Wit,Prijsgarantie.nl,A1445190,,0,'8720602864597
a1473469,trampoline afdekhoes - waterafvoer uv-bestendig pvc - zwart 305 cm,Prijsgarantie.nl,A1473469,,0,'8720602820906
a1473468,Trampoline afdekhoes - waterafvoer UV-bestendig PVC - zwart 244cm,Prijsgarantie.nl,A1473468,,0,'8720602820890
a1473010,kerstverlichting - 400 led 50m buiten-binnen - wit warm,Prijsgarantie.nl,A1473010,,0,'8720602867734
a1473008,kerstverlichting - 200 led-lichtjes-20m - wit warm,Prijsgarantie.nl,A1473008,,0,'8720602867710
a1462617,Druppelslang - 100m Inclusief Toebehoren - UV-bestendig,Prijsgarantie.nl,A1462617,,0,'8720602862562
a1455823,Handdoekenrek - 4 Armen - Opschroefbaar - 38.5 cm - Zilver,Prijsgarantie.nl,A1455823,,0,'8720602858091
a1457024,KINDERBED - Houten Huisvorm Met Lade - 80x160 cm,Prijsgarantie.nl,A1457024,,0,'8720602851658
a1420311,OPLADER - 12V 1000mA LED - universeel,Prijsgarantie.nl,A1420311,,0,'8720602819061
a1456994,SCHUIMBLOKKEN GLIJBAAN - Configuratieopties Veiligheid - Creme 25cm,Prijsgarantie.nl,A1456994,,0,'8720602852457
a1459167,KAST - Semi-open - 5 planken - Wit - 120x20x20 cm,Prijsgarantie.nl,A1459167,,0,'8720602856561
a1447040,"KEUKENMENGKRAAN - messing, uittrekbare slang, waterstraalwissel - goud",Prijsgarantie.nl,A1447040,,0,'8720602829817
a1453298,Fietskar - 2-zits met schokbrekers en veiligheidsgordels - rood,Prijsgarantie.nl,A1453298,,0,'8720602864610
a1453299,Fietskar - schokbrekers-veiligheidsgordels-verstelbare handgreep - blauw,Prijsgarantie.nl,A1453299,,0,'8720602864399
a1455321,KNUFFEL OLIFANT - Zacht Pluche 45cm - Roze,Prijsgarantie.nl,A1455321,,0,'8720602849266
a1456885,BALLENBAK - Waterdichte Sweatstof - Grijs - 90x30 cm,Prijsgarantie.nl,A1456885,,0,'8720602852709
a1469090,HUISBED - ecologisch vurenhout - wit - 200x90 cm,Prijsgarantie.nl,A1469090,,0,'8720602866096
a1447057,HANGMAT STANDAARD - Staal 220kg Weerbestendig - Grafiet,Prijsgarantie.nl,A1447057,,0,'8720602834231
a1446109,HANGMATZITTING - Houten Stok 110 cm - Naturel 110x116 cm,Prijsgarantie.nl,A1446109,,0,'8720602816381
a1420264,Autohoes - waterbestendig en flexibel polyester - zwart/maat L,Prijsgarantie.nl,A1420264,,0,'8720249150183
a1468463,KINDERAUTO - Mercedes GTR AMG - 12V Accu - LED-verlichting - Zwart,Prijsgarantie.nl,A1468463,,0,'8720602864825
a1468462,FIETSKAR - multifunctioneel met schokbreker en veiligheidsgordels - rood,Prijsgarantie.nl,A1468462,,0,'8720602864818
a1468461,"FIETSKAR - multifunctioneel, schokbreker, veiligheidsgordels - blauw",Prijsgarantie.nl,A1468461,,0,'8720602864801
a1420366,RACEBAAN - 1157cm Lengte - Inclusief 2 Formule 1 Auto's,Prijsgarantie.nl,A1420366,,0,'8720249150916
a1459619,Pedaalemmer - Staal en Bamboehout - Wit - 5L,Prijsgarantie.nl,A1459619,,0,'8720602858039
a1446042,BESCHERMMAT - Polypropyleen-Duurzaam-Transparant - Wit/100x70cm,Prijsgarantie.nl,A1446042,,0,'8720602814240
a1456987,Bouwblokkenset - 11 Elementen - Pastelkleuren,Prijsgarantie.nl,A1456987,,0,'8720602854727
a1456002,HANDDOEKENREK - Vrijstaand Staal - Zwart,Prijsgarantie.nl,A1456002,,0,'8720602857933
a1455301,REGENDOUCHESET - Thermostaatkraan - 25 cm Regendouche - Goud,Prijsgarantie.nl,A1455301,,0,'8720602857759
a1420603,Elektrische driewieler - bestuurbaar met koplampen - zwart,Prijsgarantie.nl,A1420603,,0,'8720249152972
a1452777,WASTAFELMENGKRAAN - keramische kop - zwart mat,Prijsgarantie.nl,A1452777,,0,'8720602838376
a1459618,"Pedaalemmer - staal en bamboehout, 5L, mat - zwart",Prijsgarantie.nl,A1459618,,0,'8720602858053
a1408670,TRAMPOLINENET - Weerbestendig-Duurzaam - 366-374 cm,Prijsgarantie.nl,A1408670,,0,'8720602838017
a1456055,TOILETSTANDAARD - 2-in-1 met wc borstel en rolhouder - Zwart,Prijsgarantie.nl,A1456055,,0,'8720602857957
a1456063,TOILETBORSTELSET - Vrijstaand met Toiletrolhouder - Zwart,Prijsgarantie.nl,A1456063,,0,'8720602858220
a1420037,SCHUIMBLOKKEN KASTEELSET - 11 Stuks - T-21 Meubelschuim - Wit & Grijs,Prijsgarantie.nl,A1420037,,0,'8720249146445
a1420038,"SPEELBLOKKENSET - T-21 meubelschuim, duurzaam, gemakkelijk schoon te maken - wit en grijs",Prijsgarantie.nl,A1420038,,0,'8720249146452
a1420054,"Schuimblokken kasteelset - 11 stuks, veilig en duurzaam - wit/licht paars/grijs",Prijsgarantie.nl,A1420054,,0,'8720249146704
a1420055,SCHUIMBLOKKENSET - Veilig & Zacht - Wit/Lichtpaars/Grijs,Prijsgarantie.nl,A1420055,,0,'8720249146711
a1455693,WASTAFELKRAAN - Keramische Kop 35mm - Retro/Vintage Design,Prijsgarantie.nl,A1455693,,0,'8720249186311
a1456003,HANDDOEKENREK - Gepoedercoat Staal - Zwart,Prijsgarantie.nl,A1456003,,0,'8720602857513
a1456879,BALLENBAK - Waterdichte Sweatstof - Grijs - 90x30 cm,Prijsgarantie.nl,A1456879,,0,'8720602852730
a1456991,"GLIJBAAN - Schuim, Veilig, Configurabel - Pastelkleuren",Prijsgarantie.nl,A1456991,,0,'8720602852464
a1457232,BABYNEST - 100% katoen - Beige geruit - 54x82 cm,Prijsgarantie.nl,A1457232,,0,'8720602852914
a1457322,BABY SCHOMMELSTOEL - 100% Katoen en Hout - Geel,Prijsgarantie.nl,A1457322,,0,'8720602853317
a1457326,Baby Schommelstoel - 100% Katoen en Hout - Crème/Lichtroze,Prijsgarantie.nl,A1457326,,0,'8720602854482
a1457327,BABY SCHOMMELSTOEL - 100% katoen en hout - Grijs/Beige,Prijsgarantie.nl,A1457327,,0,'8720602853287
a1457333,"BABY SCHOMMELSTOEL - 100% KATOEN EN HOUT, INGEBOUWDE GORDEL - GEEL",Prijsgarantie.nl,A1457333,,0,'8720602853256
a1457334,BABY SCHOMMELSTOEL - 100% katoen en hout - Grijs,Prijsgarantie.nl,A1457334,,0,'8720602852655
a1446899,Hangmatstandaard - 2-in-1 Frame - 220 kg - Zwart,Prijsgarantie.nl,A1446899,,0,'8720602812307
a1455636,Douchekop - anti-calc systeem - 25x25 cm - chroom,Prijsgarantie.nl,A1455636,,0,'8720602857452
a1446746,schaduwdoek - uv-bescherming-wind-en-waterbestendig - 3x5m,Prijsgarantie.nl,A1446746,,0,'8720602812987
a1463368,TRAMPOLINE - Veiligheidsnet-Ladder-Max 150kg - Zwart-366cm,Prijsgarantie.nl,A1463368,,0,'8720602861459
a1463367,TRAMPOLINE - Veiligheidsnet-Ladder-Max 150kg - Zwart-305cm,Prijsgarantie.nl,A1463367,,0,'8720602861442
a1463366,Trampoline - Veiligheidsnet en Ladder - Zwart - 244 cm,Prijsgarantie.nl,A1463366,,0,'8720602861435
a1455300,Doucheset - regendouche 23 cm - gouden kleur,Prijsgarantie.nl,A1455300,,0,'8720602857711
a1431173,FOLIETUNNEL - UV-4 Filter - 300x200x200 cm,Prijsgarantie.nl,A1431173,,0,'8720249192138
a1444373,"Ligstoel - Zero Gravity, Verstelbaar Zonnedak, Hoofdsteun - Grijs Gemêleerd",Prijsgarantie.nl,A1444373,,0,'8720602804616
a1410520,Stellingkast - 5 MDF-planken - 150x75x30 cm - zwart,Prijsgarantie.nl,A1410520,,0,'8720249198994
a1462361,SPEELZAND - Zuiverheid - 25kg,Prijsgarantie.nl,A1462361,,0,'8720602875340
a1462352,Zandbak - geïmpregneerd naaldhout met luifel en bankjes - 120x120x120 cm - hout/blauw/wit,Prijsgarantie.nl,A1462352,,0,'8720602818781
a1460509,Anti-worteldoek - onkruidremmend & inclusief 100 grondpennen - zwart - 1.6x100m,Prijsgarantie.nl,A1460509,,0,'8720602857834
a1460508,Agrotextiel - anti-worteldoek 70g/m2 - zwart - 1.6x50m,Prijsgarantie.nl,A1460508,,0,'8720602857827
a1460507,AGROTEXTIEL - Anti-worteldoek 70g/m2 - Zwart 1.1x100m,Prijsgarantie.nl,A1460507,,0,'8720602857810
a1460506,ANTI-WORTELOEK - Onkruidremmend & Inclusief Grondpennen - Zwart - 1.1x50m,Prijsgarantie.nl,A1460506,,0,'8720602857803
a1446643,KEUKENBATTERIJ - Messing-Chroom - Draaibare Uitloop - Chroom/Zwart,Prijsgarantie.nl,A1446643,,0,'8720602838406
a1460094,HUISBED - massief grenenhout - wit - 90x200cm,Prijsgarantie.nl,A1460094,,0,'8720602857742
a1454027,SPEELMAT - Foam Puzzelmat Antislip - Grijs-Perzik 180x180cm,Prijsgarantie.nl,A1454027,,0,'8720602846098
a1446103,WASTAFELKRAAN - inbouw - messing - mat zwart,Prijsgarantie.nl,A1446103,,0,'8720602838383
a1453092,Halter- en Dumbbellset - 40kg Composiet - Zwart/Rood,Prijsgarantie.nl,A1453092,,0,'8720602850125
a1453132,Kinderstep - 3 wielen met LED-verlichting - Zwart met multicolor graffiti,Prijsgarantie.nl,A1453132,,0,'8720602816923
a1454157,Speelmat - Extra Dikke EVA Foam - 151x151 cm - Wit/Grijs/Mint,Prijsgarantie.nl,A1454157,,0,'8720602846081
a1458258,Halterstang - 165 cm - 150 kg Belastbaar - Chroom-Staal,Prijsgarantie.nl,A1458258,,0,'8720602818361
a1455231,KUNSTKERSTBOOM - grenen stam - 180 cm,Prijsgarantie.nl,A1455231,,0,'8720602849570
a1456605,BEDFRAME - Metalen frame met hartdecoratie - Zwart - 90x200 cm,Prijsgarantie.nl,A1456605,,0,'8720602818279
a1456603,FITNESSBANK - Verstelbaar Stalen Frame - Zwart-Rood,Prijsgarantie.nl,A1456603,,0,'8720602818262
a1456593,Hometrainer - mechanische weerstand - verstelbaar zadel - zwart,Prijsgarantie.nl,A1456593,,0,'8720602818200
a1445519,SPEELGOEDGEWEER - Groot Magazijn - Blauw,Prijsgarantie.nl,A1445519,,0,'8720602839045
a1454175,HANGSTOEL - Staalconstructie-UV-bestendig - Bruin-Crème,Prijsgarantie.nl,A1454175,,0,'8720602847804
a1454080,HANGSTOEL - Staalconstructie 125kg - Wit/Beige,Prijsgarantie.nl,A1454080,,0,'8720602847606
a1446636,Kunstboom - LED Verlichting - 180 cm - Koud Wit,Prijsgarantie.nl,A1446636,,0,'8720602814110
a1447265,KUNSTBOOM - 180 cm - LED Verlichting - 8 Lichtstanden - Koud Wit,Prijsgarantie.nl,A1447265,,0,'8720602814752
a1454153,"HANGSTOEL - Staalconstructie, Weerbestendig, Inclusief Standaard - Grijs",Prijsgarantie.nl,A1454153,,0,'8720602847798
a1455282,Doucheset - regendouche 30x30 cm - chroomkleurig,Prijsgarantie.nl,A1455282,,0,'8720602849150
a1455284,"Doucheset - Regendouche 20x20 cm, Messing Kraan, Anti-Calc - Zwart",Prijsgarantie.nl,A1455284,,0,'8720602849082
a1455299,Doucheset - Thermostaatkraan met Regendouche 20cm en Handdouche - Zwart,Prijsgarantie.nl,A1455299,,0,'8720602849051
a1455250,DOUCHETSET - Thermostaatkraan met Regendouche 25 cm - Mat zwart,Prijsgarantie.nl,A1455250,,0,'8720602848719
a1455258,DOUCHESET - Regendouche 25 cm - Zwart,Prijsgarantie.nl,A1455258,,0,'8720602848740
a1455245,Doucheset - thermostaatkraan met regendouche 20x20 cm - zwart,Prijsgarantie.nl,A1455245,,0,'8720602848924
a1455249,Regendoucheset - thermostaatkraan met anti-calc technologie - mat zwart,Prijsgarantie.nl,A1455249,,0,'8720602848900
a1455255,REGENDOUCHESET - Thermostaatkraan met ANTI-CALC en ANTI-TWIST - Mat Zwart,Prijsgarantie.nl,A1455255,,0,'8720602848863
a1455240,"Doucheset - regendouche 20x20 cm, anti-calc, verstelbare hoek - zwart",Prijsgarantie.nl,A1455240,,0,'8720602848955
a1421624,KUNSTKERSTBOOM - grenen stam - kristallen versiering - 180 cm,Prijsgarantie.nl,A1421624,,0,'8720602806191
a1446634,Kunstboom - LED Verlichting - 120 cm,Prijsgarantie.nl,A1446634,,0,'8720602814127
a1437295,SPEELMAT - EVA foam - 180x180 cm - wit/grijs,Prijsgarantie.nl,A1437295,,0,'8720249197201
a1432044,TUNNELKAS - UV-filter - groen - 450x200x200 cm,Prijsgarantie.nl,A1432044,,0,'8720249194125
a1436948,Hangstoel - Stalen Rand - Katoenen Koord - 60 cm - Binnen/Buiten,Prijsgarantie.nl,A1436948,,0,'8720249187882
a1427248,Driewieler - duwstang-veiligheidsgordel-roterende stoel - grijs-wit,Prijsgarantie.nl,A1427248,,0,'8720249192046
a1454159,Nachtkastje - MDF Grenen - 1 Lade - Wit,Prijsgarantie.nl,A1454159,,0,'8720602844841
a1427287,GAMINGSTOEL - Ergonomisch-Comfortabel-Draaibaar - Zwart,Prijsgarantie.nl,A1427287,,0,'8720602836181
a1442605,SCHOMMELBANK - 3-zits - verstelbaar zonnedak - grijs,Prijsgarantie.nl,A1442605,,0,'8720602816886
a1444030,BLOEMPOT - verlicht - polyethyleen - wit - 50x50x50 cm,Prijsgarantie.nl,A1444030,,0,'8720602809611
a1421623,KUNSTKERSTBOOM - grenen stam - hoge naalddichtheid - 220 cm,Prijsgarantie.nl,A1421623,,0,'8720602807839
a1427249,Driewieler - Duwstang-EVA Wielen-2-puntsgordel - Roze-Zwart,Prijsgarantie.nl,A1427249,,0,'8720602837317
a1427204,Driewieler - Duwstang-EVA Wielen-Veiligheidsgordel - Grijs-Zwart,Prijsgarantie.nl,A1427204,,0,'8720249191902
a1446635,Kunstboom - LED Verlichting - 180 cm,Prijsgarantie.nl,A1446635,,0,'8720602813564
a1454991,KUNSTKERSTBOOM - Natuurlijke Stam-PVC-Sneeuw - 220cm,Prijsgarantie.nl,A1454991,,0,'8720602848122
a1454913,KUNSTKERSTBOOM - Hoge Naalddichtheid Met Sneeuw En Dennenappels - 180 cm,Prijsgarantie.nl,A1454913,,0,'8720602848115
a1454851,"GAMINGSTOEL - Ergonomisch, Kantelbaar, 120kg Draagkracht - Wit-Grijs-Limoen",Prijsgarantie.nl,A1454851,,0,'8720602847064
a1454830,Metalen bedframe - inclusief lattenbodem - wit - 120x200cm,Prijsgarantie.nl,A1454830,,0,'8720602846883
a1454825,BEDFRAME - Metalen - Inclusief Lattenbodem - Zwart - 140x200cm,Prijsgarantie.nl,A1454825,,0,'8720602846838
a1454816,BEDFRAME - Metalen Inclusief Lattenbodem - Zwart 180x200cm,Prijsgarantie.nl,A1454816,,0,'8720602846746
a1454436,"KUNSTKERSTBOOM - Natuurlijke uitstraling, houten stam, hoge naalddichtheid - 160 cm",Prijsgarantie.nl,A1454436,,0,'8720602844735
a1454435,KUNSTKERSTBOOM - Houten Stam-PVC-Realistische Look - 180 cm,Prijsgarantie.nl,A1454435,,0,'8720602844728
a1454433,KUNSTKERSTBOOM - 550 Vertakkingen - 150 cm,Prijsgarantie.nl,A1454433,,0,'8720602844704
a1454432,KUNSTKERSTBOOM - Hoge Naalddichtheid 860 Vertakkingen - Groen 180cm,Prijsgarantie.nl,A1454432,,0,'8720602844698
a1454431,"Kunstkerstboom - Hoge Naalddichtheid, 1300 Takken, PVC - 220 cm",Prijsgarantie.nl,A1454431,,0,'8720602844964
a1454430,KUNSTKERSTBOOM - Hoge Naalddichtheid - 240 cm,Prijsgarantie.nl,A1454430,,0,'8720602844674
a1432021,"Elektrisch bestuurbare tractor - 2x45W motoren, LED verlichting, muziekpaneel - Blauw",Prijsgarantie.nl,A1432021,,0,'8720249184324
a1436980,elektrisch bestuurbare tractor - 2x45W motoren - rood,Prijsgarantie.nl,A1436980,,0,'8720249184676
a1437332,TIPI TENT - Premium Katoen - 120x120x165 cm - Roze,Prijsgarantie.nl,A1437332,,0,'8720249195580
a1436991,"ELEKTRISCH BESTUURBARE TRACTOR - 2x45W Motoren, LED Verlichting, Muziekpaneel - Roze",Prijsgarantie.nl,A1436991,,0,'8720249184300
a1447056,HANGMAT FRAME - Staal 220kg Weerbestendig - Zwart 300x130cm,Prijsgarantie.nl,A1447056,,0,'8720602811973
a1447039,KEUKENMENGKRAAN - Messing-Chroom-Draaibare Uitloop - Chroom-Zwart,Prijsgarantie.nl,A1447039,,0,'8720602838635
a1445708,Trampolinerand - robuust PVC en PE - blauw - 366-374 cm,Prijsgarantie.nl,A1445708,,0,'8720602810525
a1441984,TRAMPOLINERAND - PVC EPE Schokbestendig - Blauw 305-312 cm,Prijsgarantie.nl,A1441984,,0,'8720602836457
a1421775,speelgoed geweer - 20 foam pijltjes - rood,Prijsgarantie.nl,A1421775,,0,'8720249160557
a1410231,NESTSCHOMMEL - 120 cm Diameter - 150 kg Draagkracht - Groen,Prijsgarantie.nl,A1410231,,0,'8720249181996
rps703,Trampoline rand - robuust en weersbestendig - zwart - 180-183 cm,Prijsgarantie.nl,RPS703,,0,'8720602820838
rps639,Sportvloer - EVA-schuim 10 mm - Blauw 50x50 cm,Prijsgarantie.nl,RPS639,,0,'8720602820197
rps637,Sportvloer - EVA-schuim 10 mm - Grijs 50x50 cm,Prijsgarantie.nl,RPS637,,0,'8720602820173
a1445707,Trampolinerand - PVC EPE Schuim - Blauw - 305-312 cm,Prijsgarantie.nl,A1445707,,0,'8720602810051
a1422144,VOETBALDOEL - staal constructie - 300x200x90 cm,Prijsgarantie.nl,A1422144,,0,'8720249162636
a1432076,Halterstang - 180 cm Lengte - Max 150 kg - Verchroomd Staal,Prijsgarantie.nl,A1432076,,0,'8720602810808
a1423759,OPBLAASLUCHTBED - 2 Personen - Velours - Marineblauw - 191x120x22 cm,Prijsgarantie.nl,A1423759,,0,'8720249168591
rps627,"Opzetzwembad - 671 cm Diameter, 132 cm Hoogte, 9463 l/h Pomp - Steen-look",Prijsgarantie.nl,RPS627,,0,'8720602820067
a1432045,Tuinkas - 9m2 Oppervlakte - Wit - 450x200x200 cm,Prijsgarantie.nl,A1432045,,0,'8720249194149
a1432192,ZWEMBAD AFDEKZEIL - 305 cm Diameter - Zwart,Prijsgarantie.nl,A1432192,,0,'8720602800250
a1432208,Zwembadafdekking - Solar verwarmend UV-bestendig - Blauw 366 cm,Prijsgarantie.nl,A1432208,,0,'8720602800328
rps601,Zwembadafdekking - solar verwarmend 115 µm - zwart/blauw - 366 cm,Prijsgarantie.nl,RPS601,,0,'8720249149903
rps609,FILTERBALLEN - 400g Recycled PET - Alternatief voor Zand,Prijsgarantie.nl,RPS609,,0,'8720249181125
rps595,Zwembadafdekking - Solar Verwarmend 4-8°C - Blauw/366 cm,Prijsgarantie.nl,RPS595,,0,'8720249149842
rps583,HALTERSCHIJVEN - gietijzer 20 kg - 27 mm naaf - 26 mm stang,Prijsgarantie.nl,RPS583,,0,'8720249149729
a1432042,TUINKAS - 10m2 Oppervlakte - 6 Ramen - Groen - 250x200 cm,Prijsgarantie.nl,A1432042,,0,'8720249194118
a1442567,Opzetzwembad - 7020L 3-laags PVC met pomp - Grijs 400x200x99cm,Prijsgarantie.nl,A1442567,,0,'8720249197409
a1440129,Opzetzwembad - zandfilterpomp 3028 l/h - grijs 400x200x99 cm,Prijsgarantie.nl,A1440129,,0,'8720249196112
a1442568,"Opzetzwembad - 3-laags PVC, Pomp 2006 l/h - Grijs 400x207x122 cm",Prijsgarantie.nl,A1442568,,0,'8720249197430
a1442569,Opzetzwembad - zandfilterpomp 3028 L/h - grijs 400x207x122 cm,Prijsgarantie.nl,A1442569,,0,'8720249197393
rps557,ZWEMBAD ONDERHOUDSSET - 3-in-1 Water Test Kit - Geschikt voor Jilong-Avenli,Prijsgarantie.nl,RPS557,,0,'8720249149460
rps556,ZWEMBAD SOLAR COVER - Thermische Opwarming - 300 cm - Blauw,Prijsgarantie.nl,RPS556,,0,'8720249149453
rps555,ZWEMBAD ZANDFILTERPOMP - 3028 L/h Capaciteit - 32-38 mm Aansluiting,Prijsgarantie.nl,RPS555,,0,'8720249149446
rps554,ZWEMBAD STOFZUIGER - Roestvrij - 32 mm Aansluiting - 5m Slang,Prijsgarantie.nl,RPS554,,0,'8720249149439
rps551,HANGMAT - 280x150 cm - oranje gestreept,Prijsgarantie.nl,RPS551,,0,'8720249149422
rps548,"Opzetzwembad - 457x122 cm, 3-laags PVC, 16.015 liter, pomp 3028 l/h - Grijs",Prijsgarantie.nl,RPS548,,0,'8720249149392
a1419157,NESTSCHOMMEL - 110 cm Diameter - 150 kg Draagkracht - Blauw,Prijsgarantie.nl,A1419157,,0,'8720249191803
a1440344,SLAAPBANK - Dura-Beam Fiber - Grijs - 224x203x66 cm,Prijsgarantie.nl,A1440344,,0,'8720249196778
rps525,"Bedframe - metaal, lattenbodem, max 150 kg - wit, 90x200 cm",Prijsgarantie.nl,RPS525,,0,'8720249149156
a1419158,NESTSCHOMMEL - 110 cm diameter - groen,Prijsgarantie.nl,A1419158,,0,'8720249191766
a1442798,Halterschijf - 20kg Gietijzer 26mm - Zwart,Prijsgarantie.nl,A1442798,,0,'8720249181026
a1442797,HALTERSCHIJF SET - 20kg Gietijzer - Zwart,Prijsgarantie.nl,A1442797,,0,'8720249181033
a1437602,"BARBECUE - Houtskool - Thermostaat - Zwart - 86,5x41x82 cm",Prijsgarantie.nl,A1437602,,0,'8720249195467
rps447,LATTENBODEM - Metalen frame 27 latten 150 kg - 90x200 cm,Prijsgarantie.nl,RPS447,,0,'8720249148371
a1417944,LEERTOR - Verstelbaar Berkenhout - 90cm Hoogte,Prijsgarantie.nl,A1417944,,0,'8720249190622
a1420619,"JENGA arcadespel - kleurrijke versie voor kinderen - 10x4,5 cm blokken",Prijsgarantie.nl,A1420619,,0,'8720249153122
a1422478,TRAMPOLINE - 490 cm Diameter - Blauw/Zwart,Prijsgarantie.nl,A1422478,,0,'8720249192190
a1437011,Nestschommel - 100 cm Diameter - Regenboog Multikleur,Prijsgarantie.nl,A1437011,,0,'8720249188858
a1437242,TRAMPOLINE - 244 cm met veiligheidsnet & ladder - Blauw,Prijsgarantie.nl,A1437242,,0,'8720249181095
a1437542,TRAMPOLINE VEILIGHEIDSNET - Weerbestendig-Duurzaam - 244 cm,Prijsgarantie.nl,A1437542,,0,'8720249180937
a1437537,Halterset - verstelbare dumbbells 40 kg - zwart-rood,Prijsgarantie.nl,A1437537,,0,'8720249180920
a1437099,Halterset - Verstelbaar 30 kg - Zwart/Rood,Prijsgarantie.nl,A1437099,,0,'8720249180913
a1437098,Barbell/Dumbbell Set - 20 kg - Composiet - Zwart/Rood,Prijsgarantie.nl,A1437098,,0,'8720249180906
a1427281,HOUTEN HUISBED - Grenen - 80x160 cm,Prijsgarantie.nl,A1427281,,0,'8720249147756
a1431991,"Kaptafel - LED-verlichte spiegel, 5 lades, inclusief kruk - Wit 80x40x137 cm",Prijsgarantie.nl,A1431991,,0,'8720249191735
a1418430,KAPTAFEL - Houten met Spiegel en 3 Lades - Wit,Prijsgarantie.nl,A1418430,,0,'8720249147060
a1432337,Sportbank - Verstelbaar met Arm & Beenspier Trainer - Zwart/Grijs,Prijsgarantie.nl,A1432337,,0,'8720249180784
a1432289,BED - Spaanplaat met opberglade - Kronberg Eiken/Zwart - 90x200 cm,Prijsgarantie.nl,A1432289,,0,'8720249180630
rps387,Halterschijf set - 20 kg totaalgewicht - Zwart,Prijsgarantie.nl,RPS387,,0,'8720249147770
rps385,Halterschijf set - 20kg beton met kunststof - zwart,Prijsgarantie.nl,RPS385,,0,'8720249147695
a1418991,Torsie thuistrainer - Antislipvoetjes - 40x40x23 cm - Wit/Groen,Prijsgarantie.nl,A1418991,,0,'8720249192916
a1426608,BUREAUSTOEL - Memory Foam - Verstelbaar - Zwart,Prijsgarantie.nl,A1426608,,0,'8720249191919
a1430953,KAPTAFEL - kantelbare spiegel - 3 lades - met kruk - wit,Prijsgarantie.nl,A1430953,,0,'8720249191872
a1430954,Kaptafel - kantelbare spiegel & 3 lades - wit,Prijsgarantie.nl,A1430954,,0,'8720249191865
a1430955,KAPTAFEL - LED-verlichte spiegel met 3 lades en kruk - Wit,Prijsgarantie.nl,A1430955,,0,'8720249192183
a1394095,TIPI speeltent - katoen met zigzag patroon - beige/zwart 160cm,Prijsgarantie.nl,A1394095,,0,'8720249191100
a1418596,Loopband - 2 pk Motor - 12 km/u - 40 cm Antislip - LCD - Opvouwbaar - Zwart,Prijsgarantie.nl,A1418596,,0,'8720249180609
a1443932,HALTERSTANG - 165 cm - Max 140 kg - Verchroomd staal,Prijsgarantie.nl,A1443932,,0,'8720249180562
a1431812,AEROBIC STEP - Verstelbaar 10/15/20 cm - Zwart/Blauw - 67x27 cm,Prijsgarantie.nl,A1431812,,0,'8720249180302
a1431810,Halterbank - Multifunctioneel - Verstelbaar - Zwart,Prijsgarantie.nl,A1431810,,0,'8720249180289
a1423462,Houten slee - metalen geleiders - 84 cm,Prijsgarantie.nl,A1423462,,0,'8720249167594
a1422964,Driewieler fiets - 7 versnellingen - zwart,Prijsgarantie.nl,A1422964,,0,'8720249165323
rps96,ZWEMBADLADDER - Roestbestendig Metaal - 84 cm,Prijsgarantie.nl,RPS96,,0,'8720249140672
cps1058,trampoline randafdekking - pvc en pe materiaal - 244 cm zwart,Prijsgarantie.nl,CPS1058,,0,'6291895077299
cps2176,BALLENBAK - 300 Ballen - Wasbare Hoes - Wit/Grijs/Turquoise - 90cm,Prijsgarantie.nl,CPS2176,,0,'5905560316026
rps44,Trampoline springmat & veren set - RVS veren 54 stuks - 10Ft 304-312 cm,Prijsgarantie.nl,RPS44,,0,'8720249130581
rps162,Wiggle-car - LED-verlichte wielen - Roze,Prijsgarantie.nl,RPS162,,0,'8720249140955
cps1892,TRAMPOLINE - veiligheidsnet - 140 cm - blauw,Prijsgarantie.nl,CPS1892,,0,'4050756841033
cps4915,FITNESS MAT - Waterdicht-Opvouwbaar-Extra dik 5 cm - Rood-80x200 cm,Prijsgarantie.nl,CPS4915,,0,'8720161031201
cps6650,TWEEPERSOONSBED - Opklapbare bodem - Wit/120x200 cm,Prijsgarantie.nl,CPS6650,,0,'8720249105763
cps687,TRAMPOLINE - 305 cm - veiligheidsnet & ladder - tot 100 kg - groen,Prijsgarantie.nl,CPS687,,0,'8720161099959
cps7995,"Loopband - 2 pk Motor, 12 km/u, Opvouwbaar, LCD-scherm - 35x100 cm",Prijsgarantie.nl,CPS7995,,0,'8720249117780
cps2322,"Logeermatras - opvouwbaar, comfortabel, wasbare hoes - 195x65x10 cm blauw",Prijsgarantie.nl,CPS2322,,0,'8720161000252
cps530,BALLENBAK - Katoen & Foam - Grijs 90cm,Prijsgarantie.nl,CPS530,,0,'6291895076773
cps2232,"Opvouwbaar matras - luxe comfort, wasbare hoes, 15 cm dik - blauw/beige/zwart - 200x90 cm",Prijsgarantie.nl,CPS2232,,0,'8720161000924
cps2689,"Logeermatras - Opvouwbaar, Comfortabel, Wasbare Hoes - Creme 200x80x10 cm",Prijsgarantie.nl,CPS2689,,0,'8720161005370
cps503,Trampoline rand - Weersbestendig PVC/PE - 244 cm Regenboog,Prijsgarantie.nl,CPS503,,0,'6291895077350
cps2221,TRAMPOLINE - Veiligheidsnet-Ladder-Randafdekking - Blauw-244 cm,Prijsgarantie.nl,CPS2221,,0,'8720249131595
cps1925,KNUFFELBEER - 160cm - I Love You - Grijs,Prijsgarantie.nl,CPS1925,,0,'5903163112724
rps79,FILTERCARTRIDGES - geschikt voor Jilong type 2 pompen - set van 4 stuks,Prijsgarantie.nl,RPS79,,0,'8720249140504
rps141,GRONDZEIL - PVC materiaal - Blauw - 335x335 cm,Prijsgarantie.nl,RPS141,,0,'8720249140740
cps7104,Tweepersoonsbed - opklapbare bodem - wit/140x200 cm,Prijsgarantie.nl,CPS7104,,0,'8720249105770
cps2295,"LOGEERMATRAS - opvouwbaar, velours, met kussens - blauw - 200x70x15 cm",Prijsgarantie.nl,CPS2295,,0,'8720161000047
cps7128,Bureaustoel - geventileerde rugleuning-verstelbaar in hoogte - zwarte stof,Prijsgarantie.nl,CPS7128,,0,'8720249125402
cps1733,TRAMPOLINE - veiligheidsnet-ladder-150 kg - 366 cm - zwart-blauw,Prijsgarantie.nl,CPS1733,,0,'4050756841125
cps2704,HONDENMAND - waterdicht-wasbaar-antislip - grijs-120x90cm,Prijsgarantie.nl,CPS2704,,0,'8720161005493
cps2348,Opvouwbaar matras - luxe foam vulling - groen/wit - 200x90x15 cm,Prijsgarantie.nl,CPS2348,,0,'8720161000917
cps8193,SALONTAFEL - Verwijderbaar tafelblad - Opbergruimte - Wit,Prijsgarantie.nl,CPS8193,,0,'8720249128991
cps510,Trampoline rand - robuust en weersbestendig - blauw 305 cm,Prijsgarantie.nl,CPS510,,0,'6291895077213
cps493,TRAMPOLINE NET - Weerbestendig-Duurzaam - 180 cm,Prijsgarantie.nl,CPS493,,0,'6291895077404
cps453,Trampoline - veiligheidsnet en RVS-veren - 183 cm,Prijsgarantie.nl,CPS453,,0,'6291895078647
cps8011,KRABPAAL - 7 plateaus - sisal-koord - grijs - 170 cm,Prijsgarantie.nl,CPS8011,,0,'8720249126379
cps1964,Trampoline randafdekking - Weerbestendig PVC PE - Blauw 305 cm,Prijsgarantie.nl,CPS1964,,0,'4250871208524
cps6036,SPORTBANK - Verstelbaar en Opvouwbaar - 136x34 cm,Prijsgarantie.nl,CPS6036,,0,'8720161043150
cps2706,Schaduwnet - UV-bescherming 90% - groen - 1.5m x 50m,Prijsgarantie.nl,CPS2706,,0,'8720161005516
cps2218,TRAMPOLINE - veiligheidsnet-ladder-100 kg - blauw-305 cm,Prijsgarantie.nl,CPS2218,,0,'8720249131601
cps2346,OPVOUWBARE MATRAS - Compact en Comfortabel - 195x65x10 cm,Prijsgarantie.nl,CPS2346,,0,'8720161000269
cps1966,XXL hondenmand - waterdicht-wasbaar-anti-slip - 120x90 cm,Prijsgarantie.nl,CPS1966,,0,'6291895075936
cps2682,Logeermatras - Opvouwbaar en Comfortabel - Zwart 200x80x10 cm,Prijsgarantie.nl,CPS2682,,0,'8720161005417
cps8073,"Schommelbank - 3-persoons, verstelbaar zonnedak, max 300 kg - Beige",Prijsgarantie.nl,CPS8073,,0,'8720249127666
cps2270,Opvouwbaar matras - wasbare hoes - bordeaux - 200x120x10 cm,Prijsgarantie.nl,CPS2270,,0,'8720161000894
cps6489,hondenmand - waterdicht - wasbaar - anti slip - donker antraciet - 100x70 cm,Prijsgarantie.nl,CPS6489,,0,'8720161085402
cps2287,Opvouwbaar matras - wasbare hoes - bruin - 200x120x10 cm,Prijsgarantie.nl,CPS2287,,0,'8720161000863
cps8060,Wiggle-car - led-verlichte wielen - rood,Prijsgarantie.nl,CPS8060,,0,'8720249126904
cps4681,STAPELBED - Ladder en Opberglade - Wit 160x80 cm,Prijsgarantie.nl,CPS4681,,0,'8720161028850
rps295,HUISBED - 2 opberglades - wit - 90x200 cm,Prijsgarantie.nl,RPS295,,0,'8720249142157
rps296,HUISBED - grenenhout met logeerbed lade - wit 90x200 cm,Prijsgarantie.nl,RPS296,,0,'8720249142164
cps494,TRAMPOLINE VEILIGHEIDSNET - Weerbestendig-Duurzaam - 244 cm,Prijsgarantie.nl,CPS494,,0,'8720249122548
cps7051,Kattenboom - stabiel en veilig - 117x79x50 cm grijs,Prijsgarantie.nl,CPS7051,,0,'8720161046762
cps2234,Opvouwbare matras - duurzaam foam - 200x70 cm grijs,Prijsgarantie.nl,CPS2234,,0,'6291895078012
cps2237,Logeermatras - opvouwbaar met kussens - beige - 200x70x15 cm,Prijsgarantie.nl,CPS2237,,0,'8720161000016
rps247,TRAMPOLINE - 366 cm Veiligheidsnet Ladder - Groen/Zwart,Prijsgarantie.nl,RPS247,,0,'8720249141679
cps5651,TEDDYBEER - 220cm Anti-Allergie Pluche - Wit,Prijsgarantie.nl,CPS5651,,0,'8720161038552
cps1975,XXL hondenmand - waterdicht krasvrij wasbaar - 120x90 cm,Prijsgarantie.nl,CPS1975,,0,'6291895076131
cps2387,Opvouwbare matras - Luxe foam vulling - 200x90x15 cm,Prijsgarantie.nl,CPS2387,,0,'8720161000948
cps2306,"Opvouwbaar matras - hoge kwaliteit foam - 200x90 cm - beige, bruin, groen",Prijsgarantie.nl,CPS2306,,0,'8720161000931
cps6438,Tuinkas - verzinkt frame - 300x200 cm,Prijsgarantie.nl,CPS6438,,0,'8720249122289
cps2714,Schaduwnet - UV-bescherming 90% - grijs - 1.5m x 50m,Prijsgarantie.nl,CPS2714,,0,'8720161005578
cps4918,FITNESSMAT - Extra dik 5 cm - Waterdicht - 120x200 cm oranje,Prijsgarantie.nl,CPS4918,,0,'8720161031171
cps4763,BALLENBAK BALLEN - 70mm Sterke Kwaliteit - Baby Blauw,Prijsgarantie.nl,CPS4763,,0,'8720161029703
rps361,LEERTORON - Verstelbare bodem - 85x42x45 cm,Prijsgarantie.nl,RPS361,,0,'8720249147497
cps2680,"Logeermatras - Opvouwbaar, Comfortabel, Wasbare Hoes - Groen 200x120x10 cm",Prijsgarantie.nl,CPS2680,,0,'8720161005332
cps2357,logeermatras - opvouwbaar met draagtas - bruin/195x80 cm,Prijsgarantie.nl,CPS2357,,0,'8720161000528
cps1709,BALLENBAK - 600 ballen - 120x120 cm - wit/roze/grijs/zwart,Prijsgarantie.nl,CPS1709,,0,'5903163118993
cps7771,Opzetzwembad - 6125L 1136L/h Pomp 3-laags PVC - Blauw 366x76 cm,Prijsgarantie.nl,CPS7771,,0,'8720249125778
cps7885,"Opzetzwembad - 420 cm Diameter, 84 cm Hoogte, 9495 Liter, Pomp 2006 l/h - Blauw",Prijsgarantie.nl,CPS7885,,0,'8720249125846
cps482,Trampolinenet - Weerbestendig-Duurzaam - 396 cm Binnenrand,Prijsgarantie.nl,CPS482,,0,'6291895077534
cps6416,Schuimmatras - Polyurethaanschuim T25 + Kokoslaag + Anti-allergisch - 80x160 cm,Prijsgarantie.nl,CPS6416,,0,'8720161049824
cps2678,"Logeermatras - Opvouwbaar, Comfortabel, Wasbare Hoes - Creme 200x120x10 cm",Prijsgarantie.nl,CPS2678,,0,'8720161005318
cps6898,Matras - koudschuim kokoslaag ventilatie - 70x140 cm,Prijsgarantie.nl,CPS6898,,0,'8720161085792
rps80,zwembadfilter - type 3 pomp - 5678 liter/uur - set van 4 stuks,Prijsgarantie.nl,RPS80,,0,'8720249140511
cps2363,"Logeermatras - opvouwbaar, comfortabel, wasbare hoes - grijs 195x65 cm",Prijsgarantie.nl,CPS2363,,0,'8720161000245
cps1928,Teddybeer - i love you tekst - roze - 190 cm,Prijsgarantie.nl,CPS1928,,0,'5903163112649
rps38,"MOBIELE AIRCO - 2,05 kW Koelvermogen - 24-uurs Timer - Wit",Prijsgarantie.nl,RPS38,,0,'8720249131182
cps7772,Opzetzwembad - 450x122cm Met Pomp - Blauw,Prijsgarantie.nl,CPS7772,,0,'8720249125839
cps2371,"Logeermatras - Opvouwbaar, Comfortabel, 15cm Dikte - Grijs/195x80 cm",Prijsgarantie.nl,CPS2371,,0,'8720161000542
cps551,KINDERBED HUIS - Scandinavisch Design - 80x160 cm,Prijsgarantie.nl,CPS551,,0,'6291895076889
cps8151,Badkamerkast - 4 schappen - wit - 183x64x30 cm,Prijsgarantie.nl,CPS8151,,0,'8720249128465
cps7912,KINDERAUTO - Elektrisch bestuurbaar met afstandsbediening - Zwart,Prijsgarantie.nl,CPS7912,,0,'8720249126119
cps6024,MATRAS - Polyurethaanschuim H3 Hardheid - 90x200,Prijsgarantie.nl,CPS6024,,0,'8720161043075
cps1043,XXL hondenmand - waterdicht en wasbaar - 120x90 cm,Prijsgarantie.nl,CPS1043,,0,'6291895075905
cps6382,"Schuimmatras - 7 zones HR schuim, antiallergisch, wasbare hoes - 120x200 cm",Prijsgarantie.nl,CPS6382,,0,'8720161043020
cps2707,schaduwnet - uv-bescherming 62% - groen - 1.5x25m,Prijsgarantie.nl,CPS2707,,0,'8720161005523
cps8059,Wiggle-car - led-verlichte wielen - groen,Prijsgarantie.nl,CPS8059,,0,'8720249126898
cps4920,FITNESS MAT - Waterdicht-Opvouwbaar-Extra dik 5 cm - 120x200 cm rood,Prijsgarantie.nl,CPS4920,,0,'8720161031157
cps2681,"Logeermatras - opvouwbaar, comfortabel, wasbare hoes - rood 200x80x10 cm",Prijsgarantie.nl,CPS2681,,0,'8720161005400
cps2356,logeermatras - opvouwbaar - met kussens - blauw - 205x70x15 cm,Prijsgarantie.nl,CPS2356,,0,'8720161000764
cps6479,VOETBALDOEL - lichtgewicht staal met richtmat - 215x153x76 cm wit,Prijsgarantie.nl,CPS6479,,0,'8720249122302
cps6471,"ANTI-WORTELDOEK - 100m Lang, UV-werend, Inclusief Grondpennen - Zwart",Prijsgarantie.nl,CPS6471,,0,'8720249122234
cps5739,BALLENBAK BALLEN - 1000 Stuks 70mm - Rood Groen Paars Roze Geel Blauw,Prijsgarantie.nl,CPS5739,,0,'8720161039870
cps7929,Trilplaat - Bluetooth & Speaker - Zwart,Prijsgarantie.nl,CPS7929,,0,'8720249126140
cps5375,Peuterbed - lattenbodem-uitvalbeveiliging - wit-160x70cm,Prijsgarantie.nl,CPS5375,,0,'8720161031652
cps499,Trampoline rand - pvc en pe materiaal - 305 cm multi gekleurd,Prijsgarantie.nl,CPS499,,0,'6291895077367
cps487,Trampoline net - Weerbestendig 8 palen - 305 cm buitenrand,Prijsgarantie.nl,CPS487,,0,'6291895077435
cps1893,Trampoline randafdekking - PVC en PE materiaal - 366 cm zwart,Prijsgarantie.nl,CPS1893,,0,'4050756841002
rps100,"Opzetzwembad - 450 cm Diameter, 90 cm Hoogte, Inclusief Pomp en Accessoires - Sirocco Blauw",Prijsgarantie.nl,RPS100,,0,'8720249140719
cps481,Trampoline net - Weerbestendig en Duurzaam - 180 cm,Prijsgarantie.nl,CPS481,,0,'6291895077480
rps49,Opblaaszwembad - 886 liter - 180 cm - Blauw/Wit,Prijsgarantie.nl,RPS49,,0,'8720249140191
cps6401,TIPI TENT - 100% Katoen - Inclusief Kussenhoezen - Beige/Grijs - H160xB120xD100 cm,Prijsgarantie.nl,CPS6401,,0,'8720161047264
cps477,TRAMPOLINE NET - Binnenrand Bevestiging - 366 cm,Prijsgarantie.nl,CPS477,,0,'6291895077527
cps490,"Trampolinenet - Weerbestendig, Binnenrand, 6 Palen - 244 cm",Prijsgarantie.nl,CPS490,,0,'6291895077497
cps496,Trampoline rand - robuust weerbestendig PVC - 366 cm regenboog,Prijsgarantie.nl,CPS496,,0,'6291895077374
cps504,Trampoline rand - robuust PVC en PE - 305 cm groen,Prijsgarantie.nl,CPS504,,0,'6291895077275
cps508,trampoline rand - robuust pvc/pe - groen 366 cm,Prijsgarantie.nl,CPS508,,0,'6291895077282
cps756,Trampoline randafdekking - PVC en PE materiaal - Blauw 366 cm,Prijsgarantie.nl,CPS756,,0,'4250871207138
cps1942,Trampoline randafdekking - Weerbestendig PVC/PE - 244 cm blauw,Prijsgarantie.nl,CPS1942,,0,'4250871207213
cps2223,Trampoline - veiligheidsnet-ladder-150 kg - blauw-404 cm,Prijsgarantie.nl,CPS2223,,0,'6291895078050
cps5377,KINDERBED - Inclusief lattenbodem en uitvalbeveiliging - Wit/140x70 cm,Prijsgarantie.nl,CPS5377,,0,'8720161031645
cps2225,TRAMPOLINE - veiligheidsnet en ladder - blauw - 465 cm,Prijsgarantie.nl,CPS2225,,0,'6291895078074
cps2141,Trampoline randafdekking - PVC en PE materiaal - 366 cm groen,Prijsgarantie.nl,CPS2141,,0,'4050756840999
cps2139,Trampoline randafdekking - pvc en foam - groen 244 cm,Prijsgarantie.nl,CPS2139,,0,'4050756841095
cps1724,Trampoline - veiligheidsnet & ladder - 244 cm blauw/zwart,Prijsgarantie.nl,CPS1724,,0,'8720161099942
cps1053,Trampoline randafdekking - 305 cm diameter - zwart,Prijsgarantie.nl,CPS1053,,0,'6291895076698
cps890,KINDERBED - huizen-thema-ontwerp - wit - 160x80 cm,Prijsgarantie.nl,CPS890,,0,'6291895076674
cps526,Trampoline rand - robuust en weersbestendig - blauw 244 cm,Prijsgarantie.nl,CPS526,,0,'6291895077206
cps507,Trampoline rand - robuust en weerbestendig - blauw/366 cm,Prijsgarantie.nl,CPS507,,0,'6291895077220
cps485,Trampoline net - weersbestendig 6 palen - 305 cm,Prijsgarantie.nl,CPS485,,0,'8720249125198
cps474,Trampoline net - binnenrand bevestiging - 426 cm,Prijsgarantie.nl,CPS474,,0,'6291895077541
rps246,TRAMPOLINE - veiligheidsnet & ladder - regenboog 305 cm,Prijsgarantie.nl,RPS246,,0,'8720249141662
rps243,TRAMPOLINE - Veiligheidsnet & Ladder - 244 cm Multicolor,Prijsgarantie.nl,RPS243,,0,'8720249141631
rps45,"Trampoline springmat & veren set - RVS veren 13,7 cm - 10Ft 304-312 cm",Prijsgarantie.nl,RPS45,,0,'8720249130598
cps7883,Opblaaszwembad - 3-laags PVC met pomp 1136 l/h - Blauw 244 cm,Prijsgarantie.nl,CPS7883,,0,'8720249125815
rps43,"TRAMPOLINE springmat & veren set - RVS veren 13,7 cm - 8Ft 242-252 cm",Prijsgarantie.nl,RPS43,,0,'8720249130574
rps48,"trampoline springmat & veren set - rvs veren 13,7 cm - 14ft 426-436 cm",Prijsgarantie.nl,RPS48,,0,'8720249130628
rps40,"trampoline veren set - 48 stuks rvs gegalvaniseerd - 13,7 cm zilvermetaal",Prijsgarantie.nl,RPS40,,0,'8720249133223
cps4713,Stapelbed - huisvorm met ladder en matrassen - roze 160x80 cm,Prijsgarantie.nl,CPS4713,,0,'8720161029192
cps2355,LOGEERMATRAS - Opvouwbaar en Comfortabel - 200x120x10 cm,Prijsgarantie.nl,CPS2355,,0,'8720161000887
cps2359,logeermatras - opvouwbaar met kussens - 200x70x15 cm,Prijsgarantie.nl,CPS2359,,0,'8720161000726
cps6609,"KINDER-KLEDINGKAST - 5 schappen, 2 deuren, RVS-roede - Wit - 90x50x190 cm",Prijsgarantie.nl,CPS6609,,0,'8720249121756
cps4078,Hardtop Standaard - Stevig & Stabiel met Zwenkwielen - Zilver 100x55x40 cm,Prijsgarantie.nl,CPS4078,,0,'8720161021462
cps6031,Schuimmatras - Polyurethaanschuim H3 Hardheid Afritsbare Hoes - 160x200,Prijsgarantie.nl,CPS6031,,0,'8720161043112
cps6649,VOORGRILL - M3 stijl - glanzend zwart,Prijsgarantie.nl,CPS6649,,0,'8720161053142
cps509,Trampoline rand - robuust duurzaam weersbestendig - blauw 396 cm,Prijsgarantie.nl,CPS509,,0,'6291895077237
cps524,Trampoline rand - robuust en weersbestendig - groen 244 cm,Prijsgarantie.nl,CPS524,,0,'8720249122425
cps1969,"Hondenbed - waterdicht, wasbaar, krasvrij - 120x90 cm antraciet",Prijsgarantie.nl,CPS1969,,0,'6291895075943
cps2283,Opvouwbare matras - 15cm dik - 195x80x15 cm,Prijsgarantie.nl,CPS2283,,0,'8720161000597
cps7754,Anti-worteldoek - 100m UV-werend polypropyleen - Zwart,Prijsgarantie.nl,CPS7754,,0,'8720249123514
rps164,Hometrainer - mechanische weerstand - zwart,Prijsgarantie.nl,RPS164,,0,'8720249140979
cps7890,Trampoline - 404 cm met veiligheidsnet en ladder - blauw,Prijsgarantie.nl,CPS7890,,0,'8720249125891
cps7981,Kattenboom - Stabiel en Veilig - 135x97x55 cm Beige,Prijsgarantie.nl,CPS7981,,0,'8720161046748
rps99,Zwembadfilters - Intex Type A - 3 Stuks - Wit & Blauw,Prijsgarantie.nl,RPS99,,0,'8720249140702
rps206,"HALTERBANK - Multifunctioneel, Verstelbaar, Max 120kg - Zwart/Rood",Prijsgarantie.nl,RPS206,,0,'8720249141396
cps559,KINDERBED HUIS - Scandinavisch Design - Grenenhout - 80x160cm,Prijsgarantie.nl,CPS559,,0,'5903163115091
cps664,Knuffelbeer - 165cm Pluche I Love You - Crème,Prijsgarantie.nl,CPS664,,0,'5903163112687
cps4904,FITNESS MAT - waterdicht-polyester-5cm-dik - oranje-80x200cm,Prijsgarantie.nl,CPS4904,,0,'8720161031225
cps2350,Opvouwbaar matras - compact en comfortabel - blauw 195x120x7 cm,Prijsgarantie.nl,CPS2350,,0,'8720161000092
cps7637,"Fauteuil - Ergonomisch Microgrid, Verstelbare Zithoogte - Grijs",Prijsgarantie.nl,CPS7637,,0,'8720161087987
cps7891,TRAMPOLINE - Veiligheidsnet & Ladder - 374 cm Blauw,Prijsgarantie.nl,CPS7891,,0,'8720249125907
cps2345,Logeermatras - Extra dik 15cm - Grijs 195x70 cm,Prijsgarantie.nl,CPS2345,,0,'8720161000634
cps2219,TRAMPOLINE - veiligheidsnet en ladder - blauw - 374 cm,Prijsgarantie.nl,CPS2219,,0,'6291895078043
cps1891,Trampoline randafdekking - robuust PVC PE materiaal - groen 305 cm,Prijsgarantie.nl,CPS1891,,0,'4050756840975
cps4910,FITNESS MAT - Extra dik 5 cm - Waterdicht - 120x200 cm zwart,Prijsgarantie.nl,CPS4910,,0,'8720161031140
cps4914,FITNESS MAT - extra dik 5 cm - waterdicht - blauw - 80x200 cm,Prijsgarantie.nl,CPS4914,,0,'8720161031218
cps6515,Hondenmand - wasbare hoes - waterdicht - antislip - lichtgrijs - 100x70 cm,Prijsgarantie.nl,CPS6515,,0,'8720161085396
cps2688,"Logeermatras - Opvouwbaar, Comfortabel, Wasbare Hoes - Donkergroen 200x80x10 cm",Prijsgarantie.nl,CPS2688,,0,'8720161005424
cps2231,Logeermatras - Opvouwbaar & Comfortabel - 200x70x15 cm,Prijsgarantie.nl,CPS2231,,0,'8720161000795
cps2264,Opvouwbaar matras - compact en comfortabel - blauw 200x120x10 cm,Prijsgarantie.nl,CPS2264,,0,'8720161000856
cps2369,logeermatras - opvouwbaar met draagtas - groen/195x80 cm,Prijsgarantie.nl,CPS2369,,0,'8720161000559
cps2246,Opvouwbare matras - Compact en comfortabel - 195x80x10 cm,Prijsgarantie.nl,CPS2246,,0,'8720161000498
cps2739,"Hondenmand - anti-allergeen polyester, wasbare hoes - donkerblauw, 90x30 cm",Prijsgarantie.nl,CPS2739,,0,'8720161006384
rps294,HUISBED - grenenhout - wit - 90x200 cm,Prijsgarantie.nl,RPS294,,0,'8720249142140
cps7977,Trampoline - veiligheidsnet & ladder - 244 cm blauw,Prijsgarantie.nl,CPS7977,,0,'8720249124917
cps2289,matras - opvouwbaar met wasbare hoes - houtmotief/200x90x15 cm,Prijsgarantie.nl,CPS2289,,0,'8720161000900
cps6390,TIPI TENT - 100% katoen - grenenhout - beige/zwart - H160xB120xD100 cm,Prijsgarantie.nl,CPS6390,,0,'8720161047226
rps345,HUISBED - houten met lade - 80x160 cm,Prijsgarantie.nl,RPS345,,0,'8720249147336
cps4889,KNUFFELBEER - 160cm Anti-allergie Pluche - Roze,Prijsgarantie.nl,CPS4889,,0,'8720161030921
rps111,kinderbed - mdf met grenen lattenbodem - houtskleur 80x180 cm,Prijsgarantie.nl,RPS111,,0,'8720161051582
cps2679,Matras - Opvouwbaar en Comfortabel - 200x120x10 cm,Prijsgarantie.nl,CPS2679,,0,'8720161005325
cps5650,XXL teddybeer - 220 cm hoogwaardig pluche anti-allergisch - beige-roze,Prijsgarantie.nl,CPS5650,,0,'8720161038545
cps1694,ballenbak - 600 ballen - wit/roze/grijs - 120x120 cm,Prijsgarantie.nl,CPS1694,,0,'5903163119006
cps2274,logeermatras - opvouwbaar - wasbare hoes - 200x70x15 cm,Prijsgarantie.nl,CPS2274,,0,'8720161000801
cps4911,fitness matras - extra dik 5 cm - 120x200 cm grijs,Prijsgarantie.nl,CPS4911,,0,'8720161031133
cps2686,Logeermatras - opvouwbaar tot sofa - grijs - 200x80x10 cm,Prijsgarantie.nl,CPS2686,,0,'8720161005387
rps46,Trampoline springmat & veren set - 72 veren RVS - 12Ft 364-374 cm,Prijsgarantie.nl,RPS46,,0,'8720249130604
cps1719,Knuffelbeer - 155cm Realistische Look - Wit/Roze,Prijsgarantie.nl,CPS1719,,0,'5905560001335
cps1972,Hondenmand - waterdicht-wasbaar-anti-slip - 120x90 cm,Prijsgarantie.nl,CPS1972,,0,'6291895075929
cps2684,"Logeermatras - opvouwbaar, wasbare hoes, 200x120x10 cm - zwart",Prijsgarantie.nl,CPS2684,,0,'8720161005356
cps2378,Opvouwbaar Matras - Compact en Comfortabel - Grijs 195x120x7 cm,Prijsgarantie.nl,CPS2378,,0,'8720161000122
cps7978,Trampoline - 305 cm Veiligheidsnet Ladder - Blauw,Prijsgarantie.nl,CPS7978,,0,'8720249124924
cps737,"BALLENBAK - 150 ballen, wasbare hoes - 90x90 cm, 30 cm hoog",Prijsgarantie.nl,CPS737,,0,'5903163118801
cps1970,"Hondenbed - waterdicht, wasbaar, krasvrij - 90x60 cm zwart",Prijsgarantie.nl,CPS1970,,0,'6291895076087
cps4671,kinderbed - vurenhout-scandinavisch-ontwerp-uitval-barrière - wit-140x70cm,Prijsgarantie.nl,CPS4671,,0,'8720161028782
cps1774,KNUFFELBEER - 160cm - geborduurd hart - wit,Prijsgarantie.nl,CPS1774,,0,'6291895076513
cps2766,"Bedbumper - Scandinavisch Design, Zacht Minky Polyester - Blauw 280 cm",Prijsgarantie.nl,CPS2766,,0,'8720161006650
rps241,TRAMPOLINE - Veiligheidsnet-Ladder-110kg - Groen-244cm,Prijsgarantie.nl,RPS241,,0,'8720249141617
cps8058,Wiggle-car - led-verlichte wielen - blauw,Prijsgarantie.nl,CPS8058,,0,'8720249126881
cps6393,SPORTBANK - volledig instelbaar - zwart-rood,Prijsgarantie.nl,CPS6393,,0,'8720249122364
cps7975,Opzetzwembad - 366x100 cm met pomp en accessoires - Rattan-look bruin,Prijsgarantie.nl,CPS7975,,0,'8720249130055
cps1898,Ballenbak - 150 Ballen - Wit/Grijs/Turquoise - 90x90x30 cm,Prijsgarantie.nl,CPS1898,,0,'5903163111000
cps8329,Zwembad reinigingsset - telescopische arm 279 cm - geschikt voor tuinslang - voor grote zwembaden,Prijsgarantie.nl,CPS8329,,0,'8720249130758
cps7917,"Krabpaal - 6 slaapplateaus met sisal-koord - Grijs 117,5 cm",Prijsgarantie.nl,CPS7917,,0,'8720249126195
rps244,Trampoline - veiligheidsnet & ladder - groen/zwart 305 cm,Prijsgarantie.nl,RPS244,,0,'8720249141648
cps7750,TRAMPOLINE ANKER-SET - 3 verzinkte ankers 30 cm - 3 nylon riemen 2 m,Prijsgarantie.nl,CPS7750,,0,'8720249122982
cps7880,"Opzetzwembad - 305 cm Diameter, 4383 Liter, Pomp - Blauw",Prijsgarantie.nl,CPS7880,,0,'8720249125785
cps1772,Teddybeer - 205cm Anti Allergie Pluche - Creme,Prijsgarantie.nl,CPS1772,,0,'6291895076643
cps2677,Logeermatras - Opvouwbaar en Comfortabel - Blauw 200x120x10 cm,Prijsgarantie.nl,CPS2677,,0,'8720161005301
cps857,"Logeermatras - Opvouwbaar, Comfortabel, Duurzaam Foam - Grijs 200x70 cm",Prijsgarantie.nl,CPS857,,0,'6291895075851
cps2323,"Logeermatras - Opklapbaar, 15 cm Dik, Wasbare Hoes - Grijs/200x70x15 cm",Prijsgarantie.nl,CPS2323,,0,'8720161000719
cps483,Trampoline net - Weerbestendig 180 cm Hoog - 396 cm,Prijsgarantie.nl,CPS483,,0,'6291895077459
cps505,Trampoline rand - robuust PVC en PE - zwart 244 cm,Prijsgarantie.nl,CPS505,,0,'6291895077299
cps1054,Hondenmand - Waterdicht en Krasvrij - 120x90 cm,Prijsgarantie.nl,CPS1054,,0,'6291895076124
cps492,Trampoline net - Weerbestendig - 366 cm buitenrand 8 palen,Prijsgarantie.nl,CPS492,,0,'8720161046786
cps7983,Kattenboom - Stabiel en Veilig - 131x58x50 cm Beige,Prijsgarantie.nl,CPS7983,,0,'8720161046786
cps8232,Kinder speeltent - politie thema - blauw & rood - 95x72x102 cm,Prijsgarantie.nl,CPS8232,,0,'8720249129448
cps2740,Hondenmand - anti-allergeen polyester - grijs/90x30 cm,Prijsgarantie.nl,CPS2740,,0,'8720161006391
cps2248,Logeermatras - opvouwbaar met draagtas - paars/195x80 cm,Prijsgarantie.nl,CPS2248,,0,'8720161000511
cps4956,ZITZAK - Ecologisch Leer - Zwart/Wit,Prijsgarantie.nl,CPS4956,,0,'8720161031676
cps2377,Logeermatras - Opvouwbaar met Kussens - 200x70x15 cm,Prijsgarantie.nl,CPS2377,,0,'8720161000061
cps1927,Knuffelbeer - 180cm I Love You Forever - Wit,Prijsgarantie.nl,CPS1927,,0,'5903163112458
cps2379,Logeermatras Opvouwbaar 15cm Dikke Foam Bruin 195x80cm,Prijsgarantie.nl,CPS2379,,0,'8720161000535
rps179,Ballenbak Foam 200 Ballen Waterdicht Wasbare Hoes Grijs 90cm,Prijsgarantie.nl,RPS179,,0,'8720249141129
cps880,"Foam Blokken Set - Veilig & Zacht, Hoge Elasticiteit - 11 Stuks",Prijsgarantie.nl,CPS880,,0,'5903163120040
a1479035,Opblaasbare sneeuwpop - LED-verlichting - 180 cm,Prijsgarantie.nl,A1479035,,6,'8720602895072
a1559293,"SOFT PLAY BOUWBLOKKEN - Stevig, zacht, eenvoudig schoon te maken - 40x40x25 cm",Prijsgarantie.nl,A1559293,,27,'8720602823655
a1554697,KINDERMATRAS - T30/150 foam - 70x140 cm,Prijsgarantie.nl,A1554697,,56,'8720602828728
a1554696,KINDERMATRAS - T30/150 foam - 80x160x7 cm,Prijsgarantie.nl,A1554696,,38,'8720602828711
a1554695,MATRAS - Koudschuim T30/150 - 90x200 cm,Prijsgarantie.nl,A1554695,,31,'8720602828704
a1444446,TUINTAFEL - Stalen Structuur Weerbestendig - Zwart 156x78 cm,Prijsgarantie.nl,A1444446,,5,'8720602807549
a1544573,Trampoline - 152 cm - maximaal 50 kg - blauw,Prijsgarantie.nl,A1544573,,87,'8720602825987
a1543449,Trampoline - Rechthoekig 200x300cm Veiligheidsnet - Blauw/Zwart,Prijsgarantie.nl,A1543449,,56,'8720602825840
a1543448,Trampoline - Rechthoekig 180x270cm Veiligheidsnet - Blauw/Zwart,Prijsgarantie.nl,A1543448,,68,'8720602825833
a1543447,Trampoline - Rechthoekig 150x200cm Veiligheidsnet - Blauw/Zwart,Prijsgarantie.nl,A1543447,,130,'8720602825826
a1446376,Schoudertas - Ecologisch Leer - Zwart,Prijsgarantie.nl,A1446376,,13,'8720602815391
a1446522,"DEURMAT - antislip rubber, duurzaam, binnen en buiten - zwart/120x180 cm",Prijsgarantie.nl,A1446522,,5,'8720602862753
a1446249,HANGMAT - Duurzaam katoen 280g/m2 - 200x80cm,Prijsgarantie.nl,A1446249,,113,'8720602812086
a1521955,TRAMPOLINE PALEN SET - 6 stuks - 305 cm - stevig en duurzaam,Prijsgarantie.nl,A1521955,,18,'8720602821170
a1521954,TRAMPOLINE PALEN - Set van 6 - 244 cm,Prijsgarantie.nl,A1521954,,11,'8720602821163
a1420364,Accu - 12V 7.2Ah - 15x9x6 cm,Prijsgarantie.nl,A1420364,,74,'8720602805323
a1446514,"DROOGLOOPMAT - antislip rubber, geribbeld, duurzaam - zwart/120x180 cm",Prijsgarantie.nl,A1446514,,15,'8720602812529
a1446997,Deurmat - Antislip PVC - 240x120 cm,Prijsgarantie.nl,A1446997,,10,'8720602812512
a1483974,BALLENBAK - 300 Ballen - Velours - Beige - 90 cm,Prijsgarantie.nl,A1483974,,9,'8720602876248
a1432477,Gewichten - 2x 3 kg - verstelbare sluiting - blauw,Prijsgarantie.nl,A1432477,,7,'8720249185345
a1479094,Kachelpijp - Verstelbaar 90° 120mm 950°C - Zwart,Prijsgarantie.nl,A1479094,,12,'8720602875968
a1479093,KACHELPIJP - Hittebestendig Staal 2mm - Zwart 120mm 50cm,Prijsgarantie.nl,A1479093,,9,'8720602875951
a1432479,ENKELGEWICHTEN - 2x4 kg verstelbaar - blauw,Prijsgarantie.nl,A1432479,,14,'8720602817357
a1432127,AC adapter - 24V DC 1000mA - zwart,Prijsgarantie.nl,A1432127,,46,'8720602806351
a1420361,"GEL ACCU - 12V 10Ah - 15x6,5x9,5 cm",Prijsgarantie.nl,A1420361,,46,'8720249150893
a1447484,HANGSTOEL - 2 Personen - Weerbestendig - Zwart/Rood,Prijsgarantie.nl,A1447484,,12,'8720602847392
rps42,"TRAMPOLINE veren - RVS gegalvaniseerd 72 stuks - 16,5 cm zilvermetaal",Prijsgarantie.nl,RPS42,,92,'8720161028737
cps3548,Matras - middelhard PUR-schuim - 160x80x8 cm,Prijsgarantie.nl,CPS3548,,47,'8720161014105
rps371,SCHOENENTAS - Mesh - 90x45 cm,Prijsgarantie.nl,RPS371,,40,'8720249140467
cps5753,BALLENBAK BALLEN - 1000 Stuks 70mm TÜV Gekeurd - Wit Lichtblauw Grijs Blauw,Prijsgarantie.nl,CPS5753,,14,'8720161039856
cps5744,BALLENBAK BALLEN - 70mm Sterke Kwaliteit - Goud/Zilver/Transparant/Turkoois/Blauw,Prijsgarantie.nl,CPS5744,,11,'8720161039887
cps4811,BALLENBAK BALLEN - 70mm Sterke Kwaliteit - Paars 1000 Stuks,Prijsgarantie.nl,CPS4811,,11,'8720161030396
rps41,"TRAMPOLINE veren set - RVS gegalvaniseerd 64 stuks - 13,7 cm zilvermetaal",Prijsgarantie.nl,RPS41,,12,'8720249133209
cps4666,"trampoline veer - gegalvaniseerd gold - 16,5 cm 72 stuks",Prijsgarantie.nl,CPS4666,,92,'8720161028690
cps1720,"VOEDINGSKUSSEN - 100% katoen, wasbare hoes, volledige lichaamssteun - 235 cm grijs, wit gestipt",Prijsgarantie.nl,CPS1720,,5,'5905560201575
cps4801,Ballenbak Ballen - 70mm Sterke Kwaliteit - Geel 1000 Stuks,Prijsgarantie.nl,CPS4801,,6,'8720161030143
akoestisch-wandpaneel-zwart-eiken-280x60-cm,Akoestisch wandpaneel - zwart eiken - 280x60 cm,Prijsgarantie.nl,PGRAKW1004,shopify,300,
akoestisch-wandpaneel-licht-eiken-280x60-cm,Akoestisch wandpaneel - licht eiken - 280x60 cm,Prijsgarantie.nl,PGRAKW1005,shopify,296,
enviro-stone-rustic-mxt05-klik-pvc,Enviro Stone Rustic MXT05 Klik PVC,Prijsgarantie.nl,PGR2057,,0,
enviro-stone-rustic-mxt04-klik-pvc,Enviro Stone Rustic MXT04 Klik PVC,Prijsgarantie.nl,PGR2056,,0,
enviro-stone-rustic-mxt03-klik-pvc,Enviro Stone Rustic MXT03 Klik PVC,Prijsgarantie.nl,PGR2055,,0,
enviro-stone-rustic-mxt02-klik-pvc,Enviro Stone Rustic MXT02 Klik PVC,Prijsgarantie.nl,PGR2054,,0,
enviro-stone-rustic-mxt01-klik-pvc,Enviro Stone Rustic MXT01 Klik PVC,Prijsgarantie.nl,PGR2053,,0,
enviro-plak-pvc-mxt017-visgraat,Enviro Plak PVC MXT017 Visgraat,Prijsgarantie.nl,PGR2052,,0,
enviro-plak-pvc-mxt017,Enviro Plak PVC MXT017,Prijsgarantie.nl,PGR2051,,0,
enviro-plak-pvc-mxt016-visgraat,Enviro Plak PVC MXT016 Visgraat,Prijsgarantie.nl,PGR2050,,0,
enviro-plak-pvc-mxt016,Enviro Plak PVC MXT016,Prijsgarantie.nl,PGR2049,,0,
enviro-plak-pvc-mxt014-visgraat,Enviro Plak PVC MXT014 Visgraat,Prijsgarantie.nl,PGR2048,,0,
enviro-plak-pvc-mxt014,Enviro Plak PVC MXT014,Prijsgarantie.nl,PGR2047,,0,
enviro-plak-pvc-mxt013-visgraat,Enviro Plak PVC MXT013 Visgraat,Prijsgarantie.nl,PGR2046,,0,
enviro-plak-pvc-mxt013,Enviro Plak PVC MXT013,Prijsgarantie.nl,PGR2045,,0,
enviro-plak-pvc-mxt012-visgraat,Enviro Plak PVC MXT012 Visgraat,Prijsgarantie.nl,PGR2044,,0,
enviro-plak-pvc-mxt012,Enviro Plak PVC MXT012,Prijsgarantie.nl,PGR2043,,0,
enviro-plak-pvc-mxt011-visgraat,Enviro Plak PVC MXT011 Visgraat,Prijsgarantie.nl,PGR2042,,0,
enviro-plak-pvc-mxt011,Enviro Plak PVC MXT011,Prijsgarantie.nl,PGR2041,,0,
enviro-plak-pvc-mxt010-visgraat,Enviro Plak PVC MXT010 Visgraat,Prijsgarantie.nl,PGR2040,,0,
enviro-plak-pvc-mxt010,Enviro Plak PVC MXT010,Prijsgarantie.nl,PGR2039,,0,
enviro-plak-pvc-mxt006-visgraat,Enviro Plak PVC MXT006 Visgraat,Prijsgarantie.nl,PGR2038,,0,
enviro-plak-pvc-mxt006,Enviro Plak PVC MXT006,Prijsgarantie.nl,PGR2037,,0,
enviro-plak-pvc-mxt005-visgraat,Enviro Plak PVC MXT005 Visgraat,Prijsgarantie.nl,PGR2036,,0,
enviro-plak-pvc-mxt005,Enviro Plak PVC MXT005,Prijsgarantie.nl,PGR2035,,0,
enviro-plak-pvc-mxt004-visgraat,Enviro Plak PVC MXT004 Visgraat,Prijsgarantie.nl,PGR2034,,0,
enviro-plak-pvc-mxt004,Enviro Plak PVC MXT004,Prijsgarantie.nl,PGR2033,,0,
enviro-plak-pvc-mxt003-visgraat,Enviro Plak PVC MXT003 Visgraat,Prijsgarantie.nl,PGR2032,,0,
enviro-plak-pvc-mxt003,Enviro Plak PVC MXT003,Prijsgarantie.nl,PGR2031,,0,
enviro-plak-pvc-mxt002-visgraat,Enviro Plak PVC MXT002 Visgraat,Prijsgarantie.nl,PGR2030,,0,
enviro-plak-pvc-mxt002,Enviro Plak PVC MXT002,Prijsgarantie.nl,PGR2029,,0,
enviro-plak-pvc-mxt001-visgraat,Enviro Plak PVC MXT001 Visgraat,Prijsgarantie.nl,PGR2028,,0,
enviro-plak-pvc-mxt001,Enviro Plak PVC MXT001,Prijsgarantie.nl,PGR2027,,0,
enviro-klik-pvc-mxt017-visgraat,Enviro Klik PVC MXT017 Visgraat,Prijsgarantie.nl,PGR2026,,0,
enviro-klik-pvc-mxt017,Enviro Klik PVC MXT017,Prijsgarantie.nl,PGR2025,,0,
enviro-klik-pvc-mxt016-visgraat,Enviro Klik PVC MXT016 Visgraat,Prijsgarantie.nl,PGR2024,,0,
enviro-klik-pvc-mxt016,Enviro Klik PVC MXT016,Prijsgarantie.nl,PGR2023,,0,
enviro-klik-pvc-mxt014-visgraat,Enviro Klik PVC MXT014 Visgraat,Prijsgarantie.nl,PGR2022,,0,
enviro-klik-pvc-mxt014,Enviro Klik PVC MXT014,Prijsgarantie.nl,PGR2021,,0,
enviro-klik-pvc-mxt013-visgraat,Enviro Klik PVC MXT013 Visgraat,Prijsgarantie.nl,PGR2020,,0,
enviro-klik-pvc-mxt013,Enviro Klik PVC MXT013,Prijsgarantie.nl,PGR2019,,0,
enviro-klik-pvc-mxt012-visgraat,Enviro Klik PVC MXT012 Visgraat,Prijsgarantie.nl,PGR2018,,0,
enviro-klik-pvc-mxt012,Enviro Klik PVC MXT012,Prijsgarantie.nl,PGR2017,,0,
enviro-klik-pvc-mxt011-visgraat,Enviro Klik PVC MXT011 Visgraat,Prijsgarantie.nl,PGR2016,,0,
enviro-klik-pvc-mxt011,Enviro Klik PVC MXT011,Prijsgarantie.nl,PGR2015,,0,
enviro-klik-pvc-mxt010-visgraat,Enviro Klik PVC MXT010 Visgraat,Prijsgarantie.nl,PGR2014,,0,
enviro-klik-pvc-mxt010,Enviro Klik PVC MXT010,Prijsgarantie.nl,PGR2013,,0,
enviro-klik-pvc-mxt006-visgraat,Enviro Klik PVC MXT006 Visgraat,Prijsgarantie.nl,PGR2012,,0,
enviro-klik-pvc-mxt006,Enviro Klik PVC MXT006,Prijsgarantie.nl,PGR2011,,0,
enviro-klik-pvc-mxt005-visgraat,Enviro Klik PVC MXT005 Visgraat,Prijsgarantie.nl,PGR2010,,0,
enviro-klik-pvc-mxt005,Enviro Klik PVC MXT005,Prijsgarantie.nl,PGR2009,,0,
enviro-klik-pvc-mxt004-visgraat,Enviro Klik PVC MXT004 Visgraat,Prijsgarantie.nl,PGR2008,,0,
enviro-klik-pvc-mxt004,Enviro Klik PVC MXT004,Prijsgarantie.nl,PGR2007,,0,
enviro-klik-pvc-mxt003-visgraat,Enviro Klik PVC MXT003 Visgraat,Prijsgarantie.nl,PGR2006,,0,
enviro-klik-pvc-mxt003,Enviro Klik PVC MXT003,Prijsgarantie.nl,PGR2005,,0,
enviro-klik-pvc-mxt002-visgraat,Enviro Klik PVC MXT002 Visgraat,Prijsgarantie.nl,PGR2004,,0,
enviro-klik-pvc-mxt002,Enviro Klik PVC MXT002,Prijsgarantie.nl,PGR2003,,0,
enviro-klik-pvc-mxt001-visgraat,Enviro Klik PVC MXT001 Visgraat,Prijsgarantie.nl,PGR2002,,0,
enviro-klik-pvc-mxt001,Enviro Klik PVC MXT001,Prijsgarantie.nl,PGR2001,,0,
maak-een-afspraak-voel-kijk-kies-neem-mee,"Maak een afspraak – voel, kijk, kies & neem mee",Prijsgarantie.nl,,shopify,999999,
akoestisch-wandpaneel-eiken-280x60-cm,Akoestisch wandpaneel - eiken - 280x60 cm,Prijsgarantie.nl,PGRAKW1003,shopify,260,
akoestisch-wandpaneel-donker-eiken-280x60-cm,Akoestisch wandpaneel - donker eiken - 280x60 cm,Prijsgarantie.nl,PGRAKW1002,shopify,294,
akoestisch-wandpaneel-walnoot-280x60-cm,Akoestisch wandpaneel - Walnoot - 280x60 cm,Prijsgarantie.nl,PGRAKW1001,shopify,551,
bo-zt8207-1,Wandpaneel London witgrijs - 122x280 cm,BO-ZT8207-1,PGRW1008,shopify,132,
bo-kl8088,Wandpaneel Madrid crème - 122x280 cm,BO-KL8088,PGRW1007,shopify,26,
bo-kl8226,Wandpaneel Stockholm grijs - 122x280 cm,BO-KL8226,PGRW1006,shopify,0,
bo-zt8854-2,Wandpaneel Berlin beige - 122x280 cm,BO-ZT8854-2,PGRW1005,shopify,163,
bo-kl8266,Wandpaneel Paris wit - 122x280 cm,BO-KL8266,PGRW1004,shopify,0,
bo-kl8226-1,Wandpaneel Oslo donkergrijs - 122x280 cm,BO-KL8226-1,PGRW1003,shopify,0,
kl8087-1,Wandpaneel Milan bruin - 122x280 cm,KL8087-1,PGRW1002,shopify,19,
bo-kl8259-1,Wandpaneel Tokyo lichtgrijs - 122x280 cm,BO-KL8259-1,PGRW1001,shopify,134,
victoria-floer-bossen-plak-noordlaarderbos-natuur-eiken-flr-3201-luxe-duurzaam,Victoria - plak - noordlaarderbos natuur – pvc,Prijsgarantie.nl,PGR1043,shopify,99,'8719425246727
emily-floer-dorpen-plak-buinen-bruin-eiken-megamat-flr-3042-luxe-duurzaam,Emily – plak - buinen bruin eiken - pvc,Prijsgarantie.nl,PGR1042,shopify,99,'8719425249063
emily-floer-visgraat-plak-grijs-eiken-flr-3518-uitlopend-luxe-duurzaam,Emily - visgraat – plak grijs eiken - pvc,Prijsgarantie.nl,PGR1041,shopify,99,'8719425247397
olivia-floer-walvisgraat-plak-megamat-narwal-nootbruin-flr-3523-luxe-duurzaam,Olivia - walvisgraat plak - megamat narwal - pvc,Prijsgarantie.nl,PGR1040,shopify,99,'8719425248394
madeline-floer-dorpen-plak-callantsoog-cremewit-eiken-2-0-megamat-flr-3040-luxe-duurzaam,Madeline – plak - callantsoog cremewit eiken 2.0 - pvc,Prijsgarantie.nl,PGR1039,shopify,99,'8719425249049
emily-floer-dorpen-plak-clinge-creme-eiken-megamat-flr-3045-luxe-duurzaam,Emily - plak - clinge creme eiken - pvc,Prijsgarantie.nl,PGR1038,shopify,99,'8719425249247
emily-floer-walvisgraat-plak-megamat-noordkaper-natuur-flr-3525-luxe-duurzaam,Emily - walvisgraat plak - megamat noordkaper - pvc,Prijsgarantie.nl,PGR1037,shopify,99,'8719425248417
eleanor-floer-dorpen-plak-onnen-onbehandeld-eiken-2-0-megamat-flr-3012-luxe-duurzaam,Eleanor Dorpen Plak Onnen Onbehandeld Eiken 2.0 MEGAMAT FLR-3012 – Luxe & Duurzaam,Prijsgarantie.nl,PGR1036,shopify,99,
madeline-floer-bossen-plak-waterloopbos-lichtbruin-eiken-flr-3206-luxe-duurzaam,Madeline - plak – waterloopbos lichtbruin - pvc,Prijsgarantie.nl,PGR1035,shopify,99,'8719425246772
eleanor-floer-tegel-plak-beton-antraciet-flr-3604-luxe-duurzaam,Eleanor - tegel plak – beton - pvc,Prijsgarantie.nl,PGR1034,shopify,99,'8719425246901
isabella-floer-dorpen-plak-makkum-mokka-eiken-megamat-flr-3039-luxe-duurzaam,Isabella - plak – makkum mokka eiken - pvc,Prijsgarantie.nl,PGR1033,shopify,99,'8719425248974
sophia-floer-dorpen-plak-bemmel-beige-eiken-megamat-flr-3036-luxe-duurzaam,Sophia – plak - bemmel beige eiken - pvc,Prijsgarantie.nl,PGR1032,shopify,99,'8719425248813
victoria-floer-walvisgraat-plak-megamat-gaia-grijsbeige-flr-3527-luxe-duurzaam,Victoria - walvisgraat plak - megamat gaia - pvc,Prijsgarantie.nl,PGR1031,shopify,99,'8719425248431
sophia-floer-visgraat-plak-megamat-puur-eiken-orka-flr-3514-luxe-duurzaam,Sophia - visgraat plak - megamat puur eiken - pvc,Prijsgarantie.nl,PGR1030,shopify,99,'8719425248981
sophia-floer-natuur-click-cilento-creme-megamat-flr-3731-luxe-duurzaam,Sophia – click - cilento creme - pvc,Prijsgarantie.nl,PGR1029,shopify,99,'8719425249230
sophia-floer-visgraat-plak-megamat-natuur-eiken-bryde-bruin-flr-3513-luxe-duurzaam,Sophia - visgraat plak – megamat natuur eiken (bryde - pvc,Prijsgarantie.nl,PGR1028,shopify,99,'8719425248998
grace-floer-landhuis-click-witte-eik-megamat-flr-3752-luxe-duurzaam,Grace – click – witte eik - pvc,Prijsgarantie.nl,PGR1027,shopify,99,'8719425249094
charlotte-floer-tegel-click-lemelerberg-lichtgrijs-flr-3721-luxe-duurzaam,Charlotte - tegel click - lemelerberg - pvc,Prijsgarantie.nl,PGR1026,shopify,99,'8719425246246
amelia-floer-tegel-plak-kalksteen-wit-flr-3602-luxe-duurzaam,Amelia - tegel plak - kalksteen - pvc,Prijsgarantie.nl,PGR1025,shopify,99,'8719425246895
grace-floer-visgraat-plak-zwart-eiken-flr-3519-uitlopend-luxe-duurzaam,Grace - visgraat plak - zwart eiken - pvc,Prijsgarantie.nl,PGR1024,shopify,99,'8719425247403
emily-floer-walvisgraat-plak-megamat-zwaardvis-zwart-flr-3522-luxe-duurzaam,Emily - walvisgraat plak - megamat zwaardvis - pvc,Prijsgarantie.nl,PGR1023,shopify,99,'8719425248387
isabella-floer-tegel-plak-marmer-lichtgrijs-flr-3601-luxe-duurzaam,Isabella - tegel plak - marmer - pvc,Prijsgarantie.nl,PGR1022,shopify,99,'8719425246888
charlotte-floer-dorpen-plak-noordwijk-natuur-eiken-megamat-flr-3038-luxe-duurzaam,Charlotte – plak - noordwijk natuur eiken - pvc,Prijsgarantie.nl,PGR1021,shopify,99,'8719425248967
eleanor-floer-bossen-plak-wendelbos-licht-eiken-flr-3200-luxe-duurzaam,Eleanor – plak - wendelbos licht - pvc,Prijsgarantie.nl,PGR1020,shopify,99,'8719425246710
victoria-floer-walvisgraat-plak-megamat-orka-onbehandeld-2-0-flr-3528-luxe-duurzaam,Victoria - walvisgraat plak – orka onbehandeld - pvc,Prijsgarantie.nl,PGR1019,shopify,99,'8719425248875
amelia-floer-dorpen-plak-wateringen-wit-eiken-megamat-flr-3044-luxe-duurzaam,Amelia – plak - wateringen wit eiken - pvc,Prijsgarantie.nl,PGR1018,shopify,99,'8719425249216
olivia-floer-landhuis-click-grijze-eik-megamat-flr-3754-luxe-duurzaam,Olivia – click - grijze eik - pvc,Prijsgarantie.nl,PGR1017,shopify,99,'8719425249186
madeline-floer-dorpen-plak-nootdorp-nootbruin-eiken-megamat-flr-3046-luxe-duurzaam,Madeline – plak - nootdorp nootbruin eiken - pvc,Prijsgarantie.nl,PGR1015,shopify,99,'8719425249254
isabella-floer-landhuis-click-natuur-eik-megamat-flr-3753-luxe-duurzaam,Isabella – click - natuur eik - pvc,Prijsgarantie.nl,PGR1014,shopify,99,'8719425249100
isabella-floer-visgraat-plak-bruin-eiken-flr-3520-luxe-duurzaam,Isabella - visgraat plak - bruin - pvc,Prijsgarantie.nl,PGR1013,shopify,99,'8719425247410
madeline-floer-tegel-plak-beton-grijs-flr-3600-luxe-duurzaam,Madeline - tegel plak - beton - pvc,Prijsgarantie.nl,PGR1012,shopify,99,'8719425246871
eleanor-floer-walvisgraat-click-gaia-grijsbeige-megamat-flr-3915-luxe-duurzaam,Eleanor - walvisgraat click - gaia grijsbeige - pvc,Prijsgarantie.nl,PGR1011,shopify,99,'8719425249001
grace-floer-tegel-plak-graniet-donker-flr-3603-luxe-duurzaam,Grace - tegel plak - graniet - pvc,Prijsgarantie.nl,PGR1010,shopify,99,'8719425246932
eleanor-floer-walvisgraat-click-cetus-creme-megamat-flr-3916-luxe-duurzaam,Eleanor - walvisgraat click - cetus creme - pvc,Prijsgarantie.nl,PGR1009,shopify,99,'8719425249018
amelia-floer-landhuis-click-pure-eik-megamat-flr-3751-luxe-duurzaam,Amelia - click – pure eik - pvc,Prijsgarantie.nl,PGR1008,shopify,99,'8719425249087
charlotte-floer-visgraat-plak-onbehandeld-eiken-flr-3517-luxe-duurzaam,Charlotte - visgraat plak - onbehandeld - pvc,Prijsgarantie.nl,PGR1007,shopify,99,'8719425247380
sophia-floer-bossen-plak-kadoelerbos-gerookt-eiken-flr-3205-luxe-duurzaam,Sophia – plak - kadoelerbos gerookt - pvc,Prijsgarantie.nl,PGR1006,shopify,99,'8719425246765
olivia-floer-walvisgraat-plak-megamat-balein-beige-flr-3521-luxe-duurzaam,Olivia - walvisgraat plak - megamat balein - pvc,Prijsgarantie.nl,PGR1005,shopify,99,'8719425248370
olivia-floer-walvisgraat-click-zwaardvis-zwart-megamat-flr-3917-luxe-duurzaam,Olivia - walvisgraat click - zwaardvis zwart - pvc,Prijsgarantie.nl,PGR1004,shopify,99,'8719425249025
amelia-floer-tegel-plak-keramisch-lichtgrijs-flr-3605-luxe-duurzaam,Amelia - tegel plak - keramisch - pvc,Prijsgarantie.nl,PGR1003,shopify,98,'8719425246918
charlotte-floer-visgraat-plak-creme-eiken-flr-3516-uitlopend-luxe-duurzaam,Charlotte - visgraat plak - creme eiken - pvc,Prijsgarantie.nl,PGR1002,shopify,99,'8719425247373
isabella-floer-landhuis-click-creme-eik-megamat-flr-3755-luxe-duurzaam,Isabella – click - creme eik - pvc,Prijsgarantie.nl,PGR1001,shopify,99,'8719425249193
charlotte-floer-bossen-plak-midwolderbos-rustiek-eiken-flr-3209-luxe-duurzaam,Charlotte – plak - midwolderbos rustiek - pvc,Prijsgarantie.nl,PGR1000,shopify,99,'8719425246802
